dialogue,label
"야 지금 도서관인데 잠깐 얘기할 수 있어
어 나도 도서관이야 말해봐
우리 간식 뭐 살지 정해볼까
좋아 뭐 먹고 싶어
음 나는 과자는 꼭 먹고 싶어 그리고 음료수도
그래 그럼 나는 과자 두 종류랑 탄산 음료 좀 사고 싶어
그러면 나머지는 내가 샌드위치랑 주스 살게
오케이 그럼 딱 적절히 나눴네
응 그럼 혹시 다른 거 필요하면 알려줘
그래 조용히 해야 되니까 이따 문자로 얘기해
알겠어 그럼 이따 봐",0
"야 뭐해
나 지금 집이야 왜
간식 사려고 하는데 같이 갈래
좋아 뭐 먹을까
음 그 과자랑 초콜릿 어때
오 괜찮네 그럼 얼마씩 낼까
그 과자 내가 살게 넌 초콜릿 사
오케이 그럼 그렇게 나눠서 내자
뭐 하나 더 살까 아니면 이거면 충분해
오늘은 이 정도면 될 것 같아
그래 그럼 언제 갈까
이번 주말에 괜찮아
응 좋아 그때 보자
오케이 나중에 봐",0
"여보세요 나야
어 저기 지금 운전 중인데 잠깐 괜찮아
어 다름이 아니라 학비 관련해서 좀 물어보려고
그래 무슨 일이야
이번 학기 학자금이 좀 부족해서 지원 받을 수 있을까 해서
아 그랬구나 지금 좀 힘든가 보네
응 이번에 예상보다 지출이 많아서
알았어 언제까지 필요해
가능하면 이번 주 내로 부탁할게
알겠어 나중에 통화 끝나고 다시 얘기하자
응 고마워
조심해서 가
어 잘 갈게 나중에 보자",0
"엄마 이따 저녁에 시간 돼
어 왜 무슨 일 있어
저기 있잖아 이번 학비 때문에 좀 걱정이 돼서
그래서 지원이 좀 필요하구나 어찌어찌해보려고 했는데 안 되겠어
음 그래 뭐든지 말해봐
어 그럼 이번 학기 등록금 조금만 도와줄 수 있을까
음 얼마 정도 필요한 건데
한 100만 원 정도면 될 것 같아
알았어 방법 찾아볼게
정말 감사합니다 저도 알바 좀 더 구해볼게
그래 그렇게 하면 우리 같이 해결할 수 있을 거야
네 정말 감사해요
그래 우리 힘내보자",0
"어 야 뭐해
어 지금 버스 타고 가는 중이야
아 그래 나도 걷는 중이야 근데 있잖아 우리 여행 경비 좀 계산해볼까
좋아 그럼 우리 숙박 먼저 생각해보자 한 사람에 얼마 정도일까
대충 계산해보니 1박에 5만원 정도 하더라고
그럼 3박이면 15만원이네
맞아 그리고 교통비는 어떻게 할까
기차표가 왕복으로 한 8만원쯤 하던데
음 그럼 총 23만원이네
근데 식비도 꽤 들지 않을까
하하 맞아 거기 맛집도 많잖아 하루에 한 2만원씩 잡으면 되지 않을까
음 좋네 그럼 6만원 더해서 합치면 29만원 정도네
응응 근데 혹시 여유롭게 조금 더 준비하는 게 좋지 않을까
아 그거 좋다 한 5만원 정도 더 준비해보자
그래 그럼 전체적으로 34만원 정도 준비하면 되겠네
오케이 그럼 나중에 다시 얘기하자
그래 나중에 봐
어 조심히 가",0
"야 뭐해
어 지금 버스 타고 가는 중인데
아 그래 나도 지하철에서 통화하는 중이야
우리 여행 경비 어떻게 나눌지 얘기해볼까
좋아 숙소랑 항공권은 대충 계산해봤어
음 그럼 나머지 부분은 어떻게 할까
먹는 거랑 교통비는 대충 반반하는 게 어떨까
괜찮은데 근데 먹는 거는 좀 유동적일 수 있으니까
맞아 음 괜찮아 그럼 나중에 추가하면 되지
그럼 기본적인 건 나눠놓고 나머지는 그때그때 확인해보자
좋아 그렇게 하자
오케이 그럼 자세한 건 나중에 만나서 다시 얘기하자
그래 나중에 봐",0
"어 안녕 잘 지냈어
음 별일 없었지 너는 어때
나도 잘 지냈어 그런데 우리 프로젝트 관련해서 얘기 좀 할까 싶어서
아 그래 그 비용 관련된 거지
응 맞아 우선 예산이 어느 정도 나왔어
아 그래 어떻게 나왔어
정확하진 않지만 예상보다는 조금 높게 나왔어 음 계산해봤을 때 우리 둘이 나눠야 할 것 같아
그렇구나 그러면 각각 얼마씩 부담할까
내 생각엔 절반씩 나누는 게 좋을 것 같은데 어떻게 생각해
음 그러자 그렇게 나누면 딱 맞겠네
그럼 그렇게 하자 혹시 다른 건 없어
음 다른 건 특별히 없는 것 같아
알았어 그럼 오늘은 이만 하고 다음에 얘기 더 하자
그래 고마워 나중에 봐
응 잘 있어",0
"어 지금 시간 괜찮아
어 나 지금 버스 타고 가는 중이야
아 그래 나도 지금 회사로 가는 길이야
그 프로젝트 비용 말인데 정리 좀 할 필요가 있을 것 같아서
맞아 지금까지 계산한 거 보니까 조금 오버될 것 같기도 하고
아 그래 오버된 부분은 어디에서 해결할지 논의가 필요할 것 같아
음 그러니까 우선 중요 항목들부터 정리하고 떡밥은 나중에 보는 게 어때
나도 그렇게 생각해 우선 우리 둘이 같이 부담할 부분 먼저 정하고
그럼 이번 주 안으로 대략적인 것만 정리해서 다시 얘기하자
그래서 좋겠다 나중에 다시 연락할게
오케이 그럼 일단 회사에서 보자",0
"안녕하세요 지금 통화 괜찮으세요
네 저 지금 버스 타고 있는데 괜찮아요 뭐 도와드릴까요
다름이 아니고 월세 납부 일정에 대해 좀 말씀드리고 싶어서요
네 말씀하세요
제가 이번 달에는 조금 늦출 수 있을까 해서요 사정이 있어서요
음 지금 상황이 어떻게 되시는데요
지금 조금 자금 사정이 어려워서요 이번 달은 다음 주에 드리면 안 될까요
알겠습니다 그러면 다음 주까지 입금해 주시면 될 것 같아요
정말 감사합니다 덕분에 편하게 해결할 수 있게 됐어요
괜찮아요 그럼 이따가 더 궁금한 거 있으면 연락 주세요
네 알겠습니다 감사합니다 조심히 가세요
네 감사합니다 좋은 하루 되세요",0
"안녕하세요 지금 통화 괜찮으세요
어 지금 밖에 나와 있어서 좀 바람 소리 들릴 수도 있어
괜찮습니다 제가 이번 달 월세 관련해서 말씀드리고 싶은 게 있어서요
아 그래요 무슨 일이에요
제 상황이 좀 변해서 이번 달 월세 납부일을 조금 조정할 수 있을까요
음 그게 정확히 언제까지 연기하고 싶으신 건가요
다음 주 금요일까지 가능할까요 혹시 어려운가 해서요
음 알겠습니다 그 정도면 괜찮을 것 같네요
정말 감사합니다 확실히 그때까지 낼게요
네 그러면 다음 주 금요일까지로 알고 있겠습니다 또 다른 말씀 있을까요
아 네 딱히 없습니다 협조해주셔서 감사합니다
별말씀을요 나중에 또 연락 주세요
네 감사합니다 조심히 가세요",0
"안녕 요새 잘 지내
어 나 잘 지내고 있어 너는
나도 잘 지내지 그나저나 이번 명절 선물 비용 좀 나눠볼까
좋지 그럼 우리가 얼마씩 해야 하지
음 이번에는 우리 나눠서 10만 원씩 내는 게 어때
생각보다 저렴하네 좋아 오케이야
이번엔 어떤 선물 준비해볼까
전통 과일 세트 어때
아 그거 좋지 다들 좋아하잖아
어쨌든 명절에는 전통적인 게 최고지
그러게 그럼 그렇게 준비해놓을게
알겠어 나중에 만나서 얘기하자
그래 잘 지내고 또 연락할게
응 그래 나중에 봐",0
"야 뭐해
나는 지금 도서관에서 조용히 있어
아 지금 잠깐 전화할 수 있어
응 그럼 말해봐
이번에 명절 선물 뭐 할까 생각 중인데
아 그러네 작년에는 우리가 식용유 세트 했었지
맞아 이번에는 조금 다르게 해 볼까 해서
어떤 게 좋을까
음 내가 보니까 요즘 과일 세트도 괜찮더라
오 그런가 그럼 그쪽으로 알아볼까
응 그리고 우리 비용 어떻게 나눌까 얼만큼 할래
음 그럼 반반씩 하는 게 어때
아 좋아 준비되면 말해줘
알았어 내가 정리되면 다시 전화할게
그래 그럼 잘 지내고 또 얘기해
응 너도 잘 있어",0
"야 뭐해
카페에서 잠깐 쉬고 있어 너는
난 학원에서 연락했어
거기 시끄럽네
어 진짜 시끌벅적해 근데 무슨 일이야
있잖아 우리 학원비 나눠서 낼 수 있는지 물어보려고
아 그거 그렇지
학원에 물어보니까 친구랑 같이 분할해서 낼 수 있대
오 대박 그럼 얼마씩 내면 돼
반반씩 나누면 될 것 같은데 같이 가서 이야기해 볼래
좋지 음 잘 안 들려서 나중에 조용한 데서 한번 더 얘기하자
그래 그럼 이번 주말에 만나서 학원 가자
응 그래 주말에 보자
오케이 나중에 연락해
응 그래 나중에 봐",0
"야 뭐해
나 버스 타고 이동 중이야
어쩐 일로 전화했어
이번에 같이 듣기로 한 학원 있잖아
응 그 수업 말하는 거지
학원비 생각보다 비싸길래 어떻게 할까 해서
음 그렇구나 분할 납부 한번 물어볼까
그게 좋을 거 같아
근데 전화해서 물어봐야 하는데 지금 버스라 좀 시끄럽네
그러면 내가 한번 알아볼게 이따가 조용한 데 도착하면
고마워 그러면 내가 확인하고 다시 연락할게
알았어 걱정 마 조심히 가
응 너도 잘 가
어 나중에 봐",0
"야 이번 모임 어떻게 할까
글쎄 요즘 다들 바빠서
그러게 저번에 시간 맞추기 힘들었잖아
그러니까 이번엔 좀 일찍 정하면 어때
좋지 그럼 주말이 어때
토요일은 어때
나 좋고 다른 사람도 괜찮대
장소는 또 어디로 할까
저번에 갔던 카페 좋지 않았어
맞아 조용하고 분위기가 좋았지
그럼 이번에도 거기로 할까
그래 그럼 이번 주 토요일 그 카페에서
응 정확한 시간은 톡으로 다시 얘기하자
알겠어 그럼 나중에 봐",0
"야 거기 시끄럽네
응 카페에 있어 그래도 들려
다음 모임 날짜 잡으려고 하는데 어때
음 내가 월요일 오후 괜찮거든 너는
그럼 월요일 좋다 장소는 어때
저번에 갔던 그곳 괜찮지 않을까 생각해
거기 괜찮아 음식도 맛있었잖아
하하 그러게 그럼 월요일 그곳으로 정할게
오케이 시간은 그대로 오후 3시로 할까
응 그때가 좋을 것 같아
알겠어 그럼 나중에 보자
그래 연락할게",0
"야 뭐해
나 지금 도서관인데 좀 조용히 해야 돼
아 그렇구나
어 그 얘기 들었어 그 사람이 결혼했다면서
응 맞아 나도 들었어
근데 뭐 서로 잘 지내면 된 거지
맞아 맞아 그때는 조금 힘들었지만 지금은 괜찮은 것 같아
그래도 회상하면 아쉬운 것도 있지 않냐
아 그럼 그때는 진짜 좋았지
그러게 말이야 그래도 우리는 지금 더 나은 선택을 했다고 생각해
응 맞아 지금도 좋잖아
그럼 그럼 이제 슬슬 나가볼까
응 나가면서 얘기하자 나중에 또 보자
그래 그래 연락할게",0
"야 뭐해
그냥 집에서 쉬고 있어 너는
나도 집이야 이참에 전화 좀 하자
그래 좋아 요즘 어때
음 뭐 그냥 그래 별일 없고
그 친구랑은 완전히 끝났어
어 완전히 헤어졌어 서로 더 이상 연락 안 해
그럼 마음은 좀 편해진 거야
응 시간 지나니까 좀 편해졌어
다행이다 우리 그때가 좀 아쉬웠지
그러게 잘 끝난 것 같기도 하고
맞아 그래도 이제는 앞으로 봐야지
응 맞아 나도 이제 새로운 시작이니까
그래 같이 놀러 가고 그러면 돼
맞아 나중에 시간 되면 어디 가자
좋아 언제든 말해 내가 맞출게
고마워 그럼 또 얘기하자
응 그래 나중에 봐",0
"야 뭐해
응 나 지금 도서관인데
조용히 해야 한다
아 맞다 너 요즘 맛집 찾고 있다며
어 맞아 어디 좋은 데 알아
응 잠깐만 내가 적어놓은 거 찾아볼게
기다려볼게
그때 먹어봤던 파스타 집 진짜 맛있었어
어 나도 거기 진짜 가보고 싶다
그리고 나 이탈리안 피자도 엄청 좋아해
그러면 같이 가자
좋아 언제 갈래
주말에 한가해
그럼 그때 가자
좋아 예약해야 하나
응 내가 예약할게
고마워 기대된다
나도 엄청 기대돼",0
"야 뭐해
어 나 지금 카페에서 친구랑 얘기 중이야 좀 시끄러워
아 그렇구나 음 요즘 맛집 발견했어
오 진짜 어디야
강남에 있는 작은 이탈리안 레스토랑인데 파스타가 진짜 맛있어
완전 끌린다 나도 파스타 좋아하는데
그럼 이번 주말에 같이 갈래 어차피 시간 괜찮잖아
좋아 좋아 같이 가자 크크
그리고 말이야 내가 최근에 새우 요리 했는데 대박이었어
와 새우 요리 나도 배우고 싶다 어떻게 한 거야
나중에 집에 놀러 오면 해줄게 그때 알려줄게
좋아 기대된다 오 예 하하
그럼 주말에 보자 연락할게
응 그래 나중에 봐",0
"야 뭐해
지금 버스 타고 가는데 너는
나도 집 가는 중이야
있잖아 저번에 말한 요리 레시피 좀 알려줘
아 그거 말이지 음 먼저 재료부터 준비해야 하는데 뭐 필요한지 알아
음 다진 마늘하고 간장 조금이랑 고춧가루 필요하지 않나
어 맞아 그리고 양파랑 파도 넣어야 돼
그냥 다 넣고 볶으면 되지
응 맞아 그냥 볶다가 간 맞추면 돼
오케이 나중에 집 가서 해 봐야겠다
해보고 알려줘 버스 타고 가면서 이야기하니까 좀 힘드네
알았어 그럼 나중에 봐 조심히 가
너도
그래 나중에 봐",0
"어 나야
어디야 지금
지금 버스 타고 있어
음 집에서 뭐 해먹을까 고민 중이야
아 맞다 지난 번에 너가 해준 그 파스타
아 그거?
응 그거 만드는 법 좀 알려줘
오케이 일단 재료는 간단해
어 뭘 준비해야 돼
올리브 오일, 마늘, 새우, 그리고 파스타 면
음 지금 메모장 켜서 적고 있어
하하 메모 준비 철저하다
그러니까 그 다음엔 어떻게 해
일단 올리브 오일에 마늘을 볶고
음 잘 볶아지면 새우 넣고 익혀
그거 쉽네
그 다음에 파스타 면 넣고
음 약간 졸일 때까지
오 좀 복잡해 보이지만 재밌겠다
하면서 익숙해지면 금방이야
응 알았어 오늘 저녁에 해봐야겠다
그래 맛있게 만들어
고마워 연락할게
응 나중에 봐",0
"야 뭐해
어 카페에서 좀 쉴 겸 전화해봤어
거기 시끄럽네 잘 들려
어 대충 괜찮아 근데 무슨 일 있어
아 나 말이야 전자기기 좀 사려고 하는데 뭘 사야할지 고민이네
전자기기면 뭐 스마트폰? 노트북?
어 노트북인데 요즘 어떤 게 괜찮을지 모르겠더라고
그럼 일단 용도부터 생각해봐 뭐 하려고 사는 건데
음 주로 작업용이야 영상 편집도 좀 하려고
아 그럼 성능 좋은 게 좋지 나도 얼마 전에 하나 샀는데 추천해줄까
진짜? 어떤 건데
잠깐만 좀 더 조용한 데로 이동해서 말할게
어 그래 기다릴게
나왔다 지금 괜찮아
어 잘 들어와 얘기해
내가 산 건 그 모델인데 가격대비 성능 괜찮더라고
오호 그럼 한번 알아봐야겠다 고마워
별말을 그럼 나중에 또 이야기하자
그래 나중에 봐 연락할게",0
"야 뭐해
집에 있어 왜
어 내가 전자기기 하나 사려고 하는데 좀 도와줄 수 있어
어떤 거 사려고 해
내가 지금 쓰고 있는 게 슬슬 느려져서 새로 살까 해
아 그래 요즘 뭐가 좋더라
음 그러니까 좀 알아봤는데 고민이 많네
그래 내가 예전에 바꿨을 때 이 브랜드 괜찮았거든
진짜 그럼 그쪽으로 한번 볼까
응 그리고 요즘 할인도 많이 하더라
진짜 좋은 정보 고마워
그래 뭐 다른 거 궁금한 거 있어
아니야 일단 이거 보고 결정하면 될 것 같아
알았어 좋은 결정해
고마워 나중에 보자
그래 또 연락해",0
"야 나야
어 뭐해
지금 밖에 나와 있어
아 나도 공원에서 걷고 있어
쨍쨍한데 바람도 불어서 시원하다
그러게 날씨 끝내준다
아 맞다 너 그거 들었어
뭐
백화점에 이번에 신상 들어왔대
아 진짜 대박
그래서 주말에 가보려고
나도 같이 가자
너도 관심 있어
어 그럼 그거 꼭 사고 싶었거든
오 좋아 같이 가자
어디서 만날까
차라리 거기 근처서 만나서 바로 들어가자
좋아 그럼 주말에 보자
그래 알았어 연락할게",0
"야 뭐해
어 지금 밖인데 무슨 일이야
아 백화점에 새로운 신상이 들어왔대
진짜 뭐가 들어왔는데
가방하고 신발이 들어왔대 진짜 예쁘다던데
오 대박 언제 보러 갈래
음 이번 주말 어때
좋아 그럼 주말에 만나서 보러 가자
알겠어 그럼 주말에 봐
그래 연락할게",0
"야 뭐해
나 카페에 있어 시끄럽지 않아
어디야
나도 카페야 그래서 좀 시끄러워
저번에 그 신인 아이돌 그룹 봤어
응 완전 기대되더라
멤버들이 다 개성 넘치더라
맞아 맞아 특히 메인 보컬이 노래 진짜 잘하던데
그리고 무대 매너도 좋던데
진짜 대박이야 어쩜 그렇게 춤도 잘 추냐
그러게 요즘 나오는 아이돌 중에서 제일 주목받을 것 같아
하하 우리도 팬클럽 들어가야 하나
크크 그러게 이젠 나도 덕질할 나이가 됐나 봐
아 나중에 콘서트 가자
좋아 좋아 스케줄 나오면 바로 알려줘
오케이 알았어
그럼 나중에 봐
응 연락할게",0
"어 야 지금 뭐해
어 나 지금 걷는 중이야 버스 정류장으로 가는 중인데 너는
나도 걷고 있어 근데 요즘 신인 아이돌들 진짜 대박 아니야
맞아 맞아 진짜 많더라 나도 최근에 몇 팀 봤는데 괜찮더라
그중에서 누구 제일 괜찮았어
음 그게 말이야 내가 본 팀 중에서는 노래도 잘하고 춤도 잘 추더라
아 그 팀 알지 나도 봤어 요즘 진짜 인기 많잖아
하하 그러게 우리도 팬 되겠어
그러니까 말이야 나중에 시간 되면 같이 공연 보러 갈래
좋지 근데 그들 너무 인기 많아서 티켓 구하기 힘들 것 같아
그러게 그러면 이번 주말에 일단 정보 좀 찾아볼까
오케이 주말에 시간 될 때 문자 보내
그래 그렇게 하자 그럼 조심히 가
응 너도",0
"어 있잖아
왜
요즘 어떤 노래 들어
나쁜 애들 노래 알아
아 그거 알아 나도 좋아해
진짜 좋더라 가사가 너무
맞아 감성적이야 목소리도 좋고
그래서 그거 듣고 뭐 또 추천해줄 거 있어
어 나중에 한번 들어봐야겠다
그래 그럼 말이야 조용히 들어보자
여기 조용해야 해서 큰소리로는 안 되겠지만
알았어 나중에 이어폰 끼고 들어볼게
좋아 오케이 다음에 또 추천해줄게",0
"야 뭐해
지금 걷는 중이야 너는
나도 걷고 있어 날씨 좋다
그러게 오늘 진짜 좋네
너 요즘 좋아하는 노래 있어
어 그 요즘 그 노래 알지
어떤 거 말하는 거야
지하철에서 스피커로 들었는데 제목이 기억 안 나
그거일걸 새로 나온 노래
그거 맞아 그거 너도 좋아해
응 나 어제 듣다가 계속 반복해서 듣고 있어
진짜 좋지
나중에 같이 들어야겠다
좋아 그럼 언제 볼래
이번 주말에 볼래
오케이 그럼 거기서 만나자
응 연락할게
그래 나중에 봐",0
"야 뭐해
나 지금 밖이야 전시회 생각나서 전화했어
아 맞다 지난주에 본 작품들 어땠어
음 나는 첫 번째 섹션이 진짜 인상적이었어
그 그 초록색 배경에 큰 붓 터치들 있는 거 말이지
맞아 맞아 그게 정말 강렬했지
나는 마지막 섹션도 좋았어 색감이 너무 예뻤어
아 그치 그 부분이랑 조명이 딱 맞아서 작품이 더 돋보였어
그림을 보면서 그 작가가 뭘 말하고 싶었는지 궁금하더라
나도 그랬어 이야기를 담고 있는 듯한 느낌
그러게 말이야 다음에 또 가자
좋아 좋아 언제든지
그럼 또 연락할게 잘 있어",0
"야 전시회 어땠어
음 좋았어 작품들 진짜 예술이더라
맞아 나도 그 그림 보고 완전 감동했어
어 어떤 거 제일 기억에 남았어
나는 파란색으로 가득 찬 작품 있잖아 그게 인상적이었어
아 나도 그거 진짜 좋았어 전체적인 조화가 대단했어
근데 좀 조용히 해야겠다 지금 도서관이거든
아 맞다 거기 있었지 괜찮아 내가 목소리 낮출게
아까 얘기한 거 계속 해봐
그래 그게 말이야 작가가 색을 사용하는 방식이 너무 독특했어
오 그런 관점에서 보니까 더 새롭게 느껴지네
다음에 또 보러 가자
좋아 이따가 연락할게",0
"야 뭐해
어 지금 지하철에서 가는 중이야
주말에 여행 이야기한 거 있잖아
아 맞다 생각났어 어디로 갈지 정했어
응 강릉 쪽 생각 중이야 바다도 보고 싶고
오 좋다 강릉은 언제 봐도 좋은 곳이지
그치 너도 같이 갈 수 있어
어 당연하지 난 그냥 집에 있을 계획이었거든
하하 그러게 날짜는 언제로 정할까
이번 주말 괜찮아
토요일 아침에 출발할까
좋아 그럼 토요일 아침에 만나자
알겠어 나중에 세부 일정 더 공유해줘
응 알았어
그럼 이따가 봐 안녕",0
"야 뭐해
집에서 쉬고 있어 너는
나도 집인데 주말에 시간 어때서
주말에 완전 놀 준비됐지 어딜 갈까
요즘 부산이 좋다던데 어때
좋지 부산 가면 뭐 할 건데
해운대 가고 맛집도 가고 여기저기 구경하자
그럼 나도 준비할게 여기저기 찾아봐야지
코스 짜면 나한테도 알려줘 같이 고민해보자
오케이 그럼 주말에 또 얘기하자
그래 연락할게
응 나중에 봐",0
"야 뭐해
어 나 지금 집이야 너는
나도 집이지 이번 여행 얘기 좀 해보려고
좋지 어느 나라부터 갈지 정했어
음 우리 유럽 쪽으로 가볼까 싶어
오 좋은데 그럼 프랑스 이탈리아 스페인 어때
다 좋아 근데 일단 예산이 좀 걱정이긴 해
그러게 우리 비행기표랑 숙소부터 잡아야 하잖아
맞아 그래서 에어비앤비로 좀 싸게 가보려고
괜찮네 그럼 우리 프랑스에선 어디 머무를까
파리 아무래도 시내 쪽이 좋을 것 같아
그럼 숙소 예약은 내가 알아볼게
오케이 그리고 우리 유럽 이동할 때 기차로 다닐까
그래 편할 것 같아 알겠어
그럼 나중에 예산 정리해서 다시 얘기하자
응 그래 나중에 봐
응 연락할게",0
"야 지금 어디야
어 나 도서관인데 낮은 목소리로 해야겠어
아 알겠어 나도 괜찮아
이번 여행 일정 어떻게 할지 상의해 보려고
음 일단 경로는 동남아 쪽으로 결정했잖아
맞아 방콕 먼저 가고 그 다음에 베트남 어때
오 좋지 난 그거 괜찮다고 생각해
근데 숙소는 미리 예약할까 아님 가서 찾아볼까
아무래도 예산 생각하면 미리 예약하는 게 나을 것 같아
응 그렇지 비용 절약하려면 에어비앤비나 저렴한 호텔 찾아보자
그래 그렇게 하자 우리 예산은 어떻게 나눌까
일단 비행기랑 숙소는 반반씩 나누고 식비랑 입장료는 현지에서 알아보는 게 좋겠어
좋아 잘 됐다 나중에 만날 때 자세히 얘기하자
응 좋지 그럼 나중에 봐
그래 조심히 가고 나중에 또 연락해",0
"야 뭐해
나 지금 카페에 있어
오 새로운 메뉴 있대던데
맞아 그래서 한번 와봤어
어때 맛있어
음 좀 특이해 커피에 코코넛이 들어갔어
오 진짜 그러면 고소해
응 고소하면서도 달달해서 좋아
그럼 나중에 같이 가자
그래 좋아
근데 지금 거기 좀 시끄럽네
어 맞아 아주 바쁘거든
얼른 나가서 조용한 데로 가야겠다
알았어 그럼 나중에 봐
응 연락할게
오케이",0
"야 뭐해
집에서 쉬고 있어
지금 좀 심심한데 완전 딱이다
왜 대화 좀 해줄까
그게 아니라 이번에 카페 갔는데 신메뉴 나왔다고 하더라
오 진짜 무슨 메뉴 나왔어
음 초코무스랑 딸기라떼 같은 건데 완전 맛있어 보였어
아 그래 당장 먹으러 가야 하는데
그치 나도 이번 주말에 갈까 봐
그러자 그럼 가서 사진도 찍고 인스타에 올릴까
좋다 그럼 주말에 만나
오케이 나중에 봐",0
"야 뭐해
그냥 집에서 쉬고 있어
이번 주말에 뭐할 거야
음 나도 특별한 계획은 없는데 왜
우리 같이 운동이나 할까 싶어서
오 좋지 뭐할까
등산 어떠냐 요즘 날씨도 좋잖아
완전 좋지 어디로 갈까 생각해둔 데 있어
가까운 데로 가면 북한산이나 도봉산 어때
음 도봉산도 괜찮은데 북한산이 더 좋아
그래 그럼 북한산으로 가보자
좋아 몇 시쯤 만날까
아침 일찍 만나서 올라가면 안 더울 것 같아
그럼 아침 7시에 출발하자
오케이 그럼 토요일 아침 7시 북한산 입구에서 보자
응 알았어 그때 보자",0
"어 나야
어 무슨 일이야
주말에 뭐해
별거 없어 왜
같이 운동이나 갈래
좋지 뭐 할 건데
조깅 좀 하려고
몇 시에 시작할까
아침 7시 어때
좀 일찍인데 괜찮아
그래서 조용하고 좋아
그럼 장소는 어디로 갈까
우리 동네 공원으로 올래
아 좋지 그럼 거기서 보자
오케이 그럼 아침에 보자
응 잘 자고
응 너도 잘 자",0
"어 나야
어디 가는 중이야
지금 버스 타고 가고 있거든
아 그렇구나 나는 좀 이따 운동하러 갈 예정이야
요즘 뭔가 재미있는 취미 생겼어
음 요가 시작했어
진짜 요가 잘 어울릴 것 같은데
고마워 근데 생각보다 어려워 하하
맞아 나도 전에 해봤는데 균형 잡는 게 쉽지 않더라
너는 요즘 뭐해
나 요즘 사진 찍는 거에 빠져서 주말마다 공원 가곤 해
사진 잘 찍잖아 너 원래
하하 고맙다 근데 아직 많이 배워야 해
나중에 찍은 사진 좀 보여줘
그럴게 너도 요가하는 모습 좀 보여줘
오케이 다음에 같이 요가 매트 깔고 한번 해보자
좋지 일정 맞춰서 한번 보자",0
"야 뭐해
나 지금 걷는 중이야
아 진짜 나는 버스 타고 가는데
아 그렇구나 요즘 뭐 재밌는 거 없어
음 요즘 새로운 취미 찾았어 그림 그리기 시작했어
와 대박 너 그림 잘 그리잖아
하하 고마워 근데 아직 초보야
어떤 스타일로 그려
주로 수채화로 시작했어 색감이 예쁘더라고
오 완전 멋지다 나중에 작품 좀 보여줘
그래 꼭 보여줄게 아 맞다 너는 요즘 뭐해
나는 요즘 기타 배우고 있어 어렵긴 한데 재밌어
우와 너 음악 쪽에 소질 많은 것 같아
히히 그러게 다음에 만나서 같이 놀자
좋지 시간 맞춰보자
그래 나중에 연락할게 조심히 다녀
응 너도 잘 가",0
"야 뭐해
어 나 지금 밖에 나와 있어
어디야 날씨 좋다
산책 중이야 너는
나도 지금 공원 근처 걷고 있어
그래 방금 영화 보고 나왔어
진짜 무슨 영화 봤어
어 저번에 얘기했던 그 액션 영화 봤어
오 어땠어 재밌어
완전 재밌었지 하하
그러니까 아 몰입도 완전 최고
오 그럼 나도 이번 주말에 봐야겠다
응 꼭 봐봐 후회 안 할 거야
알겠어 그럼 그거 보고 너랑 얘기 나누자
좋아 그럼 나중에 봐
그래 연락할게",0
"야 뭐해
어 카페에서 커피 마시고 있어 좀 시끄럽다
아 바빠
gotcha
음 저번에 말한 그 영화 봤어
어디
저기 s극장에서 개봉했다 했잖아
아 맞다 어땠어
진짜 재밌었어 특수효과가 대박이었고 줄거리도 탄탄했어
오 좋은데 그거 괜찮다
너도 꼭 봐봐 진짜 후회 안 할 거야
그래 이번 주말에 한번 가봐야겠다
또 재밌는 영화 나오면 추천해줘
오케이 카페 시끄러워서 나중에 전화할게
그래 나중에 보자",0
"야 뭐해
나 지금 카페인데 여기 좀 시끄럽다
아 그래 나도 집 아니라서
드라마 봤어 그거
어 맞아 그거 엄청 재밌더라
주인공 완전 멋있지 않냐
맞아 내가 그 장면에서 빵 터졌다니까
여기서 지금 얘기하는 거 편해
괜찮아 너도 한번 보라니까 대박이야
그럼 주말에 놀러갈 때 얘기 더 해
그래 나중에 봐",0
"야 뭐해
지금 버스 타고 가는데
아 그렇구나 나는 집에 있어
어제 그 드라마 봤어
응 봤지 진짜 대박이더라
맞아 맞아 주인공 연기 진짜 잘하더라
그래서 몰입이 잘 됐어
근데 중간에 반전이 있어서 놀랐어
맞아 그 장면에서 나도 깜짝 놀랐어
하하 그러게
다음 회도 기대돼
완전 기대
알아서 나중에 봐
나도 연락할게",0
"야 뭐해
카페에 있어 좀 시끄럽다
어 나도 바람 좀 쐬러 나왔어
우리 같이 연극 보러 가기로 했잖아
그래 언제가 좋을까
음 나는 이번 주말 어때
주말 좋지 근데 몇 시쯤 볼까
저녁 6시쯤에 어때
좋아 그럼 장소는 어디로 할까
연극장 근처에 맛있는 데 있대
거기 괜찮겠네 하하 나중에 봐
그래 주말에 봐",0
"야 뭐해
어 나 지금 밖에 나와 있어 뭐야
그 주말에 연극 보러 가자고 했잖아
아 맞다 그거 언제 갈까
음 그러니까 이 주말 어때
주말에 날씨 좋다던데 바람 좀 부는 것 같긴 하지만
완전 좋지 오랜만에 연극 보러 가는 거잖아
어디서 할 건데
시청 근처 그거 알지 거기 괜찮을 것 같아
오 대박 그럼 시간은 오후 3시쯤 어떨까
좋아 나는 그 시간에 맞춰서 나갈게
좋아 그럼 토요일 오후 3시에 보는 걸로 하자
오케이 그때 봐
응 그때 보자",0
"야 뭐해
어 나 도서관인데 왜
음 혹시 이번 주말에 콘서트 갈래
어 진짜 너도 티켓 있어
응 나 하나 더 생겼어 그런데 갑자기 생각나서
아 근데 나 그날 좀 조용히 해야 할 것 같아 조용한 데서 말해야 돼
아 진짜 그럼 어쩌지
그래도 나 가면 재밌을 것 같은데
응 맞아 완전 좋지
그럼 내가 다른 자리로 구해서 같이 가자
좋아 그럼 주말에 보자
오케이 그럼 준비 잘 해놔",0
"야 뭐해
어 나 지금 밖인데 바람 불어
오 진짜 오늘 날씨 좋다
그러게 그래서 말인데 이번 주말에 그 콘서트 갈 거지
아 그거 가고 싶긴 한데 티켓이 아직 없어
나랑 같이 가면 돼 티켓 하나 더 남았거든
정말 고마워 그럼 시간이랑 장소만 알려줘
오케이 그럼 우리는 저녁 7시에 공연장 앞에서 만나자
알았어 그때 보자
응 연락할게",0
"야 뭐해
집에서 쉬고 있어
음 요즘 읽는 책 뭐 있어
아 최근에 소설 한 권 읽었어
오 어떤 거야
그 제목이 '고요한 바다'인데 진짜 감명 깊었어
내용 좀 말해봐
음 주인공이 과거의 상처를 극복하는 이야기인데
아 그런 거 좋아
맞아 나도 몰입해서 봤어
이런 책 읽으면 감정이입 돼서 좋던데
응 감정적으로 많이 와닿았어
그럼 그렇게 추천할 만해
응 강력 추천 이걸 계기로 다른 작가 책도 찾아보려구
나도 그럼 한번 읽어봐야겠다
그래 다 읽고 나서 감상도 공유하자
좋아 기대할게
오케이 그럼 나중에 다시 연락하자
응 나중에 봐",0
"야 뭐해
어 지금 카페에 있어
오 카페 거기 시끄럽네
응 좀 그런데 뭐 어때
그래서 최근에 무슨 책 읽었어
그런 얘기 하려고 전화했지
최근에 읽은 책이 너무 좋았어
무슨 책인데
'어떤 이야기'야
어 그거 유명하지 않아
맞아 그래서 읽어봤는데 진짜 감동이었어
와 나도 읽어봐야겠다
이야기가 진짜 깊어
그래서 여러 번 생각하게 만들어
좋은데 그렇네
너도 읽고 나서 얘기하자
그래 완전 기대돼
알았어 그럼 나중에 봐
오케이 나중에 봐",0
"야 뭐해
어 집이야 너는
나도 집이지
있잖아 이번 학기에 어떤 강의 들을지 고민인데
음 나도 그 생각하고 있었는데 혹시 추천해줄만한 강의 있어
응 과학과 예술 수업 있잖아 그게 진짜 좋더라
아 그거 들었다면서
응 교수님이 진짜 열정적이셔서 강의 듣는 게 재밌어
오 좋다 또 다른 거 있어
또 하나는 현대사회미학 교수님이 설명 엄청 잘 해주셔
오 맞아 나도 들었는데 교수님이 정말 이해하기 쉽게 말씀하시더라
그러니까 그 수업 들으면 진짜 많이 배울 수 있어
알겠어 나도 들을 수업 목록에 넣어볼게
좋아 좋은 강의 많이 들어
그래 너도 잘하고 나중에 보자
응 연락할게",0
"어 나야
어 뭐해
지금 밖에 나와있어 공원인데 바람 시원하다
오 좋겠다 나도 좀 걸을까 싶었는데
그보다 이번 학기 들을 강의 정했어
아직 고민 중인데 생각 있으면 말해줘
음 그럼 말이야 나는 예전에 들었던 경제학 강의 추천해볼까 해
거기 교수님 괜찮아
진짜 그럼 나도 한번 고민해볼게
그리고 인공지능 쪽도 관심 있으면 이번에 새로 오신 교수님 강의 들어봐
어디서 들었어
친구가 들었는데 자료가 엄청 잘 되어 있다고 하더라고
오 괜찮네 그럼 강의계획서 좀 봐봐야겠다
그래 나중에 같이 얘기해보자
고마워 그럼 이따 봐
응 나중에 연락해",0
"야 뭐해
어 지금 걷는 중이야 학교 가는 길에 전화해
어제 수업 어땠어
음 그 교수님 수업 처음 들었는데 좀 특이하더라
맞아 나도 그래서 놀랐어
내 생각에는 이해하기 쉽게 설명하려고 하는 거 같은데 좀 헷갈리기도 하고
그러게 강의 자료는 깔끔한데 말이야
평가 방식에 대해서는 뭐라고 했어
어 뭐더라 출석이랑 과제 비중이 꽤 크다고 했었던 거 같은데
과제가 많을 것 같다 하하
그러니까 이번 주말엔 과제하면서 보내야 할 듯
어이구 그러네 나도 좀 미리 준비해야겠다
그럼 천천히 해 나도 곧 도착할 것 같아
알겠어 그럼 연락해",0
"야 지금 어디야
지금 버스 타고 가고 있어
아 나도 지하철 타고 가는 중
그 교수님 강의 들었어 지난주에
어 맞아 그분 스타일 어때
음 좀 독특한 것 같아 근데 재밌더라
맞아 맞아 다음 과제는 좀 어렵다고 하던데
그니까 나도 걱정돼 음
그래도 우리 한번 해보자 뭐
알겠어 그럼 주말에 모여서 같이 해보자
오케이 그럼 주말에 보자
응 이동 중이라 조심히 가고 나중에 봐",0
"야 뭐해
어 지금 버스 타고 가는 중이야
아 그렇구나 나도 버스 타고 있어
혹시 과제 진행했어
어 좀 했지 너는
나는 자료 좀 찾아봤어 근데 주제가 좀 헷갈려
어 그러니까 방향을 어떻게 잡아야 할지 고민이더라
근데 교수님이 말씀하신 게 힌트가 될 수도 있대
맞아 맞아 그거 기억나
우리 그러면 자료 좀 더 찾아보고 나중에 다시 얘기할까
그래 그렇게 하자
그럼 나중에 봐
응 알았어 연락할게",0
"야 뭐해
어 지금 도서관인데
거기 조용하지
어 그래서 여기서 과제 좀 하려고
나도 도서관 가려고 했는데 같이 할까
좋아 지금 과제 주제 뭐로 하는 중이야
나는 환경 변화에 따른 생태계 변화
오 그거 재밌겠다 준비는 많이 됐어
자료 좀 찾아보고 있는데 혼자 하니까 어렵더라
같이 자료 조사해볼까
그래 같이 하면 더 수월할 거 같아
그럼 너 도착하면 연락 줘
오케이 곧 갈게
알았어 기다릴게",0
"야 뭐해
카페인데 좀 시끄럽네
어 어쨌든 시험 준비하고 있었지
응 맞아 너 이번에 계획 다 짰어
음 그래도 좀 막막해서 그냥 대충 잡긴 했어
어떻게 할 건데
그 주말에 도서관 갈까 생각 중이야
나도 같이 가면 좋겠다
좋지 이번 주말 어때
근데 좀 시끄러워서 주말에 이야기해도 될까
그래 그러자
이번 시험은 너무 어렵대
진짜 대박이라더라 무서워
우리 열심히 해야지 뭐
응 그래 그럼 주말에 보자
오케이 연락할게
응 나중에 봐",0
"야 뭐해
어 카페에서 공부 중이야 시끄럽네
아 나도 도서관 가려다 시끄러울까 봐 안 갔어
시험 준비 잘 돼 가고 있어
그냥 그렇지 뭐 너는
나도 비슷해 시간 좀 부족한 느낌
그러니까 이번 시험 어려울 것 같다며
맞아 특히 생물학은 범위가 너무 넓어
진짜 그 과목은 내가 도무지 감을 못 잡겠어
같이 스터디할까 주말에
오 그래 그럼 어디서 볼까
공부 카페 같은 데 어때
좋아 그럼 거기서 만나자
그래 열심히 하자
응 파이팅
오케이 나중에 봐
응 잘가",0
"야 뭐해
어 나 집이야 너는
집에서 쉬고 있어
이번 주말에 뭐해
글쎄 아직 딱히 계획은 없어 근데 왜
우리 동창회 하기로 했잖아 장소랑 시간 정해야지
맞다 맞다 깜빡했네 언제 할까
일단 토요일 저녁 어때
좋아 어디서 할 거야
조용한 데로 가는 게 좋을 것 같아 우리 이야기 많이 할 거니까
그래 어디 괜찮은 데 있어
강남에 새로 생긴 레스토랑 있거든 거기 어때
좋아 그럼 몇 시쯤 만날까
일곱 시에 만나자
오케이 그럼 그렇게 하자
알았어 나중에 봐
응 연락해",0
"야 뭐해 지금
어 나 지금 밖인데 걷고 있어
아 그래 바람 좀 쐬러 나왔구나
응 날씨도 좋아서 기분 전환 중이야
다름이 아니라 이번 주말에 동창회 하기로 했잖아
아 맞다 언제로 할까
나는 토요일이 괜찮은데 너는 어때
나도 토요일 괜찮아 어디로 할지 정했어
음 그러게 어디가 좋을까 적당히 조용한데
아 그 공원 근처 카페 어때 저번에 갔던 데
거기 좋네 분위기도 좋고 자리도 넓고
좋아 그러면 거기로 하자 시간은 오후 3시쯤에
응 그럼 나머지 친구들한테도 알려줘
알았어 그럼 그렇게 정하고 나중에 보자
그래 나중에 봐",0
"야 뭐해
아 나 지금 밖에 나와 있어
그래 어디야
공원 쪽인데 바람이 좀 불어
오 공원 좋지 나도 전에 예비군 훈련 끝나고 갔었는데
아 그래 이번에 훈련 어땠어
음 뭐 별거 없었지 그냥 똑같이 걷고 뛰고
하하 그러게 힘들겠다
그래도 끝나고 애들이랑 밥 먹으러 갔는데 재밌었어
오 그거 좋네 거기서 뭐 먹었어
음 그냥 삼겹살 먹고 뭐 수다 떨고
하하 진짜 예비군 훈련 간 것보단 낫겠다
맞아 맞아 근데 너도 곧 가야 되는 거 아니야
어 맞아 나도 다음 달에 가
힘내고 끝나면 나랑도 한 잔 하자
그래 좋아 나중에 봐
응 나중에 연락할게",0
"야 뭐해
나 카페에서 쉬고 있어
거기 시끄럽네
맞아 사람 많아서 정신없네
그래도 편하니까 좋지
야 나 예비군 훈련 다녀왔거든
오 진짜 어땠어
생각보다 별거 없더라 하하
나도 다음 주에 가야 돼서 걱정이었는데
걱정할 거 없어 그냥 앉아 있는 게 대부분이야
아 그나저나 밥은 주냐
점심은 주는데 기대하지 마라 하하
아 그렇구나 그러면 뭐 즐기다 오면 되겠네
그러게 나도 그냥 휴가 같은 기분으로 갔다 왔어
그래도 끝나고 나면 뿌듯하잖아
맞아 맞아 그리고 오랜만에 친구들도 만나고
맞아 한잔씩 하기도 좋고
그러게 나중에 훈련 끝나고도 한잔하자
그래 나중에 보자",0
"야 뭐해
어 지금 카페야 좀 시끄러워
아 그렇구나 나도 지금 카페야
거기 소리 잘 들리니
어 뭐 대충 잘 들려
기억나 군대에서 그때 말이야
아 그 에피소드 말이지 진짜 대박이었어
하하 그러게 그때 진짜 당황했었지
맞아 나는 그때 진짜 웃겨서 배 아팠어
하 그러고 보니 우리 종종 그런 일 많았잖아
그때 그 훈련 때도 그렇고
어 맞아 웃음 참느라 죽을 뻔
완전 공감하지 그때 진짜 우리 고생했어
아 그때 덕분에 좋은 추억이야
맞아 맞아 나중에 또 얘기하자
그래 조만간 또 보자
오케이 연락할게",0
"야 뭐해 지금
어 그냥 밖에 나와 있어 바람 좀 쐬려고
오 나도 지금 공원에 나와서 걷는 중이야
군대 얘기 좀 해봐 너 엄청 재밌는 일 많았다며
아 그때 말이야 진짜 대박이었어 훈련소에서 길 잃어버린 적 있었거든
에이 진짜 어쩌다 그랬냐
아니 그날 정말 정신 없었어서 하하 지도도 없고 핸드폰도 없고
그래서 어떻게 찾았는데
결국 선임한테 전화해서 구출됐지 하하
진짜 웃기네 나도 그때 훈련소에서 바람 때문에 텐트 날아간 거 기억나
아 어쩐지 이런 얘기 들으니 그때가 생각나네
그러게 날씨도 좋고 이러니까 더 생각나는 거 같아
응 다음에 또 만나서 얘기하자
오케이 그럼 다음에 봐",0
"야 지금 통화 괜찮아
어 나 여기 카페인데 좀 시끄러워
괜찮아
저기 그때 일 말이야 미안했어
아 그거
네가 그런 줄 몰랐어
내가 잘못했어 진짜로
음 알았어 나도 좀 화가 났었어
그럴만했지 그때 상황이 별로였어
하긴 서로 오해가 있었던 것 같아
앞으로는 조심할게
그래 뭐 다 지나간 일이니까 괜찮아
고마워 마음이 좀 편해졌어
그럼 다음에 보면 얼굴 보면서 얘기하자
좋아 그때 만나서 마저 얘기하자
그래 그럼 일단 이따 봐
응 알았어 먼저 끊을게",0
"어 저기 말인데
응 무슨 일이야
음 그게 지난번에 내가 좀 실수한 것 같아서
아 그거 얘기하는 거야
응 미안해 내가 진짜 생각이 짧았어
아니야 뭐 그럴 수도 있지
그래도 좀 마음이 불편해서
괜찮아 나도 이해해 어쩔 수 없었잖아
그래도 다시는 그러지 않을게
알았어 그럼 나도 너무 신경 쓰지 말고
고마워 이렇게 이해해줘서
그래 너도 늘 잘해줬잖아
그럼 다음에 만나서 얘기하자
응 좋아 연락할게",0
"야 뭐해
카페에 있어 좀 시끄럽지
아 그래 나도 지금 식당인데 좀 시끄럽네
그래서 말인데 이번 주말에 뭐 해
별거 없어 왜
있잖아 너 생일이잖아 축하할 겸 파티할까 해서
진짜 해주는 거야 고마워
당연하지 하하
근데 선물 뭐 갖고 싶어
음 사실 갖고 싶은 거 딱히 없는데 너랑 같이 놀면 좋지
내가 잘 준비해볼게
너무 기대된다 하하 나도 너 생일 때 놀 거 기대된다
그럼 주말에 보자 어디서 만날까
그거는 나중에 정하자 알았지
알았어 연락할게
그럼 나중에 봐",0
"야 뭐해
어 나 지금 걷는 중이야 집 가고 있어
아 그래 마침 연락 잘했네
어 무슨 일인데
그 있잖아 이번 주말에 일정 있어
아 그게 말이야 나도 생각하고 있었어 너 생일이잖아
맞아 맞아 그래서 우리 파티 할까 했는데 요즘 괜찮아
어 좋지 완전 좋다
우리가 어디서 할까 생각 중인데
나는 말이야 우리 자주 가던 그 카페 있잖아 거기 괜찮을 것 같아
오케이 그럼 거기서 하자 뭐 필요한 거 있어
선물은 뭘로 할까 나 아직 고민 중이야
음 그러니까 그 친구가 좋아하는 게 뭐였더라
아 맞아 그리고 같이 영화 보러 가도 좋을 것 같아
맞아 그럼 그날 다 같이 모여서 영화 보고 파티 하자
좋아 그럼 그렇게 하자
오케이 그럼 나중에 또 얘기하자
응 나중에 봐
연락할게",0
"야 뭐해
어 지금 버스 타고 가는데 너한테 전화했지
오호 버스 안 좋아 하하
웬일로 전화했어
내가 드디어 취업했다
진짜 진짜 축하해 대박이다
고마워 나도 실감이 안 나
그래도 준비 많이 했잖아 고생했어
아 맞다 너도 취업 준비 중이지
응 근데 너한테 조언 좀 들어야겠다
음 그게 말이야 일단 자기소개서부터 차근차근 해야 돼
맞아 그게 제일 어려워
아 그리고 회사 들어가면 사람들한테 인사 잘하고
오 지하철 도착해서 끊을게 다시 전화할게 하하
알겠어 나중에 봐
응 나중에 보자",0
"야 뭐해
나 밖에 나와 있어 지금
오 진짜 어딘데
공원 쪽 걷는 중이야 날씨 좋다
오 좋은데 왜 나가 있어
그냥 바람 쐬러 나왔어 그러고 보니 너 취업 성공했다면서
응 맞아 드디어 합격했어 하하
와 대박이다 진짜 축하해
고마워 어 하면서도 걱정도 되고 그래
무슨 걱정
첫 출근도 걱정되고 잘할 수 있을지 모르겠고
너라면 잘할 거야 자신 있어
그래도 준비 많이 했잖아
그렇긴 해 나도 너무 긴장하지 말고 해보려구
맞아 첫날은 편하게 시작하는 게 좋아
그렇지 너무 그러면 안 되겠지만
어찌 됐든 축하해
고마워 나중에 시간 되면 한잔하자
응 그래
알았어 연락할게",0
"어 들었어
뭐를
그 출산했다면서
아 맞아 축하해줘서 고마워
어디서 전화해 내가 지금 걷는 중이라서
나도 걷는 중이야 하하 잘 맞췄다
진짜 대단해 어떻게 그럴 수 있어
내가 뭐 했나 싶기도 하고 음 그래도 기뻐
그러게 그 애가 건강하다니까 다행이야
맞아 고마워 정말
그럼 나중에 애기 보러 갈게
그래 오면 꼭 연락하고
그래 그럼 나중에 연락할게
응 조심해서 가
응 너도",0
"야 뭐해
어 지금 집이야 너는
나도 집이야 근데 들었어 그 소식
무슨 소식
우리 친구 출산했다며
아 맞아 그래서 나도 연락하려고 했어
진짜 축하할 일이네 너무 보고 싶다 애기
그러니까 조만간 가자고
그래 언제 갈까 이번 주말 어때
완전 좋아 나도 시간 돼
그럼 같이 선물도 준비하자
좋은 생각이야 뭘 사면 좋을까
귀여운 아기 옷이나 장난감 어때
완전 좋지
음 그럼 마무리하고 연락하자
그래 알겠어
나중에 봐
응 연락할게",0
"야 뭐해
어 나 지금 걷고 있어
오 그러면 바쁘진 않네 하하
어 뭐 괜찮아 말해봐
요즘 애들 키우느라 힘들지 않아
음 맞아 조금 힘들지 자꾸 잠 못 자는 게 제일 힘들더라
아 진짜 나는 처음에 그랬는데 요령이 생기더라고
오 어떻게든 익숙해지나 보네 헤헤
너도 조금씩 익숙해질 거야 적당히 잘 쉬고
맞아 나도 좀 더 노력을 해봐야겠어
그래 이렇게 이야기하니까 좀 나은 것 같아 고마워
하하 그래 서로 힘내고 또 이야기하자
응 그럼 나중에 봐",0
"야 지금 어디야
카페에 있어 좀 시끄러워
아 그래도 잘 들려 너랑 얘기하는 거 재밌잖아
하하 그래 맞아 애기 키우는 건 어때
어 좀 힘들지 그래도 애가 웃을 때마다 피로가 사라져
음 그러게 나도 그러더라 잠도 제대로 못 자는데 애가 너무 귀여우니까
맞아 맞아 요즘은 유치원 보내야 하나 고민 중이야
유치원 벌써 고민해 음 근데 그게 또 중요한 문제지
응 그렇더라고 이 근처 유치원 괜찮은 데 있나 싶어서
나도 좀 찾아볼게 나중에 정보 있으면 같이 공유하자
그래 고마워 너랑 얘기하니 부담이 좀 덜해지네
그럼 언제든지 전화해 서로 도와야지
좋아 그럼 나도 카페 다녀오고 연락할게 조심히 들어가
알겠어 나중에 보자",0
"야 지금 조용한 데야
응 도서관이야
음 그게 말이야 요즘 진로 때문에 고민이 많아
어 그래 나도 비슷해 많이 헷갈리더라
나는 다양한 직업을 경험해 보고 싶어
맞아 나도 그래서 인턴도 하고 여러 경험을 쌓으려고
음 맞아 근데 방향을 못 정하겠어
그래서 우리 주위 사람들에게 조언도 들어보고 있어
아 진짜 나도 한번 물어봐야겠다
그래 힘내자 우리 잘할 수 있을 거야
그러게 함께 고민해봅시다
그래 고마워 나중에 또 얘기하자
응 도서관이라 조용히 해야 돼 그럼 이따 봐
그래 나중에 봐",0
"야 뭐해
어 나 도서관인데 잠깐 나가서 전화 받았어
아 그렇구나 요즘 고민 좀 있어
무슨 고민인데
직업 선택 때문에 말이야
아 곧 졸업하잖아 그래서 그런가
응 맞아 이게 정말 어떤 길로 가야 할지 모르겠더라고
음 그러면 너 하고 싶은 게 뭐냐고 스스로 물어봤어
솔직히 잘 모르겠어
그럼 차근차근 생각해 보는 건 어때
알겠어 고마워 필요한 조언 있으면 또 부탁할게
응 언제든지 말해봐 나도 도와줄 테니까",0
"어 있잖아 뭐 하고 있어
나 지금 카페야 좀 시끄러워
아 그래 하하 음 사실 아이 공부 때문에 고민이 좀 있어서
아 그래 뭐 문제야
아이가 자꾸 집중을 못 해서 걱정인데 어떻게 하면 좋을까
음 나도 비슷한 문제 있었어
아 그래 어떻게 해결했어
일단 하루 일정을 잘 짜고 같이 하는 시간 늘리는 게 좋더라
오 그렇구나 시끄러운데 말해줘서 고마워
아니야 나중에 좀 더 얘기하자
어 오케이 연락할게
그래 조만간 만나자
응 나중에 봐",0
"야 뭐해
지금 걷는 중이야 조용한 데로 좀 가볼까
어 그래 그게 나 요즘 고민이 좀 있어
무슨 고민인데
애 학습 문제가 좀 심각해서 어쩌면 좋을지
음 나도 비슷한 문제 있었어 근데 어떻게 해결했냐면
그래 그게 어떻게 하는 건데
우선은 아이랑 대화를 많이 했어 그리고 시간을 좀 더 같이 보내니까 나아지더라
오 그럼 공부하는 습관도 그 과정에서 잡은 거야
응 맞아 그렇게 하니까 자연스럽게 책상에 앉는 시간이 늘어나더라
진짜 좋은 방법이다 그럼 우리 일요일에 만나서 자세히 얘기할까
그래 그럼 일요일 점심 먹고 나서 보자
알았어 고마워 그때 봐
그래 천천히 와",0
"야 뭐해
그냥 도서관에서 책 좀 보고 있어 목소리 낮춰야 돼
아 그래 지금 괜찮아
어 말해봐
사실 요즘 집에서 좀 힘들어
a 왜 무슨 일인데
우리 엄마랑 좀 다퉜어
a 무슨 일로
집안일 때문에 자꾸 부딪혀
아 진짜 힘들겠다 나도 그런 적 있었어
그래도 잘 풀어야 할 텐데
어떻게 해야 할지 모르겠어
시간 지나면 좀 나아질 거야 내가 도와줄 건 없고
아니야 이렇게 이야기해줘서 고마워
그래도 힘내라 나중에 보자
응 고마워 나중에 봐",0
"야 뭐해
어 나 지금 걷는 중이야
그래 잠깐 이야기 좀 해도 돼
어 무슨 일 있어
엄마랑 좀 다퉜어
왜 무슨 일인데
며칠 전에 시댁 갔는데 좀 안 맞았거든
아 그랬구나
어떻게 해야 할지 모르겠어
음 뭐랄까 그런 일 있으면 속상하지
맞아 어쩌다 싸우게 됐어
내가 좀 잘못한 것도 있는데 말이야
그럴 수 있지
하 진짜 힘들어
그러게 네가 힘들겠네
그래도 너무 깊이 생각하지 마
고마워 이렇게 이야기하니까 좀 낫다
그래 언제든 이야기해
고마워 걷고 있어서 좀 더 얘기하기 편했어
응 나중에 또 전화해
응 알았어",0
"야 뭐해
걷고 있어 바람이 너무 좋아서 밖에 나왔어
오 그렇구나 나 집들이 날짜 정했어
오 언제야
다음 주 토요일인데 어때
괜찮아 그럼 몇 시쯤
점심쯤 와서 같이 준비할까 생각 중이야 음식도 좀 만들고
좋지 내가 뭐 도울 거 있으면 말해
음 일단 음식 몇 가지는 만들어볼까 해
알겠어 필요한 재료 있으면 미리 말해줘
알았어 음 날씨 좋을 때 주말에 만나는 거 기대된다 그치
응 나도 기대돼 그럼 그때 보자
그래 연락할게
응 나중에 봐",0
"야 뭐해
어 그냥 집에 있어
다음 주말에 집들이 하려고 하는데 올 수 있어
오 좋다 가고 싶어
그럼 토요일 오후쯤 어때
좋아 몇 시에
한 3시쯤 괜찮아 밥도 준비할 거야
오 대박 어떤 거 준비해
음 여러 가지 생각 중인데 잡채랑 불고기 같은 거 해보려고
맛있겠다 내가 디저트 가져갈까
그럼 고마워 와서 같이 먹자
그래 그럼 그날 봐
응 고마워 연락할게
알았어 나중에 봐",0
"야 뭐하고 있어
지금 걷는 중이야 그냥 산책하면서 생각 좀 하려고
오 좋은데 나도 좀 걷다가 전화했어
혹시 철학 책 최근에 읽은 거 있어
어 음 최근에 그 니체의 '차라투스트라는 이렇게 말했다' 읽었어
진짜 그거 어떻게 생각해 나는 되게 새로운 시각이었거든
음 나도 흥미로웠어 삶의 의미를 계속 찾으려고 하는 모습이 특히
그러니까 나도 그런 고민 많이 하는데 솔직히 쉽지 않더라
맞아 세상의 가치와 개인의 의미가 충돌할 때 많잖아
그러게 그래서 자꾸 생각하게 되나 봐
우리 다음에 만날 때 이 주제로 더 깊이 이야기하자
좋지 그럼 다음에 보자",0
"야 요즘 뭐 읽고 있어
음 별거 아니고 그냥 고대 철학 쪽 좀
오 재밌겠다 나는 요즘 역사책에 빠졌어
어떤 거 읽는데
그 로마 제국의 흥망 같은 거 말이야
하하 역시 너 그런 거 좋아하지
그래서 요즘은 로마 시대의 정치 체계가 정말 흥미롭더라
맞아 거기서 배울 게 많잖아 그리고 철학자들도 정말 대단한 것 같아
응 그런 철학적 사유가 지금까지 영향을 준다는 게 신기하지 않니
맞아 그래서 지금 시대에도 그런 철학이 어떻게 적용될 수 있을지 고민해보는 게 재밌어
나중에 시간 되면 그런 얘기 더 깊게 해보자
응 좋아 그럼 다음에 만나서 책도 같이 보고 얘기 더 하자
그래 연락할게",0
"야 뭐해
어 나 지금 도서관인데 전화는 괜찮아
조용히 해야지 하하 뭐 이야기해
저기 그 뉴스 봤어 최신 우주 연구 결과
어 그거 대박이던데 진짜 놀랍더라
우주에 그렇게 많은 행성이 있을 줄이야
그러니까 말이야 거기다 생명체 있을 가능성까지
완전 SF 영화 같지 않냐
맞아 현실에서 그런 거 생각하니 감동스럽기도 하고
우리가 그걸 직접 볼 날이 오면 좋겠네
그럴 수 있으면 진짜 좋겠다 꿈 같아
음 이제 더 이야기하면 목소리 들릴 것 같아
그래 맞아 그럼 다음에 더 얘기하자
알았어 여기서 끊을게 나중에 봐
응 나중에 연락해",0
"야 뭐해
그냥 집에서 쉬고 있어 너는
나도 집에서 책 보고 있었어 요즘 우주에 관련된 뉴스 봤어
어 봤어 그 블랙홀 연구 결과 진짜 대단하더라
맞아 우주가 이렇게 계속해서 새로운 걸 보여주는 게 참 신기해
그러게 말이야 우리 아직 모르는 게 너무 많아
과학자들이 이런 걸 밝히는 것 보면 정말 대단해
완전 맞아 그리고 이번에 나온 그 논문도 진짜 흥미롭더라
응 응 그거 읽어보고 싶었는데 어디서 볼 수 있을까
내가 링크 보내줄게 나중에 꼭 봐
오케이 고마워 나중에 이야기 더 하자
그래 그럼 나중에 봐
응 연락할게",0
"야 뭐해
지금 집에 있어
음 노트북 좀 보려고 하는데 너는 어떤 거 추천해
어 그거라면 나 최근에 새로 산 거 있는데 괜찮더라
그래 뭐야
그게 abc 모델이야 성능도 좋고 배터리도 오래가
아 진짜 듣던 대로 괜찮네
가격도 생각보다 안 비싸더라고 가성비 좋아
오 그럼 그걸로 할까
응 나는 만족하고 있어 넌 어떻게 생각해
음 나도 그걸로 결정할까 해
오케이 그럼 그걸로 해보자
좋아 고마워
천만에 언제든지 말해
다음에 만날 때 보여줘야겠다
그래 나중에 봐
나중에 봐",0
"야 뭐해
어 지금 버스 타고 가는 중이야
아 그렇구나 나도 길 걷는 중인데 신형 노트북 살려고 알아보는 중이거든
오 그래 그거 좋지 모델은 뭐 생각 중이야
어 그게 하나는 A 브랜드고 다른 하나는 B 브랜드인데 사양이 엄청 비슷하더라고
음 그래 가격은 어떤데
거의 비슷한데 B 브랜드가 조금 더 싸
음 그러면 B 브랜드가 나을 수도 있겠다 하드 용량이나 그래픽카드는 어때
하드는 비슷한데 그래픽카드는 A 브랜드가 좀 더 좋아
아 그래 넌 뭘 더 중요하게 생각해
나는 그래픽카드도 중요하고 가격도 신경 쓰이니까 좀 고민이야
음 그러면 나 같으면 B 브랜드로 가고 별도로 그래픽카드 업그레이드를 고려할 것 같아
오 그건 좋은 생각이다 진짜 조언 고마워
아니야 뭐 언제든지 물어봐
그래 다음에 또 봐
그래 나중에 보자",0
"야 뭐해
나 카페에서 친구 기다리면서 전화했어
음 거기 시끄럽네
어 맞아 근데 지금 대화할 수 있어
아 괜찮아 내가 말할게
어떤 전자기기 사려고
스마트폰 새로 살까 하는데 고민이야
아 그렇구나 요즘 뭐가 좋을까
나는 솔직히 A사꺼 괜찮다고 봐
왜
사양도 좋고 디자인도 깔끔하잖아
음 그렇게 추천해줬구나
근데 B사 것도 나쁘지 않대
그렇긴 하지 근데 가격이 좀 비싸
음 알겠어 생각 좀 해볼게
그래 결정하면 알려줘
응 고마워 나중에 봐
어 나중에 보자",0
"야 뭐해
나 지금 밖에 나와 있어
날씨 진짜 좋다
오 그래 나도 좀 있다가 나갈까 생각 중인데
근데 너 왜 전화했어
아 나 그거 고민 중이야
뭐
스마트폰 새로 사려고 하는데
오 대박
어떤 거 살지 아직 잘 모르겠어
아 근데 나는 요즘 태블릿도 괜찮아 보이더라
어 태블릿도 좋지
스마트폰은 어떤 걸로 생각 중인데
음 아이폰이랑 갤럭시 사이에서 고민이야
하 이거 어렵다 둘 다 좋잖아
맞아 그러니까 더 헷갈려
어 근데 아이폰은 요즘 카메라 엄청 좋잖아
맞아 완전 잘 나오더라
그리고 갤럭시는 좀 더 자유롭게 쓸 수 있는 느낌이잖아
그렇지 둘 다 장단점이 있는 것 같아
봐서 너한테 더 맞는 기능이 뭐가 필요한지 생각해봐
알겠어 조언 고마워
언제든 덥석 묻기만 해
히히 그럼 좀 더 알아보고 다시 연락할게
그래 나중에 또 얘기하자
응 조심히 들어가",0
"어 야 뭐해
나 지금 버스 타고 가는 중이야 너는
아 나도 이동 중이야 지금 걷는 중
음 너 요즘 읽고 있는 책 있어
어 그게 말이야 요즘 자기 계발서에 빠져 있는데
오 괜찮네 나도 그런 거 추천 좀 해줘
음 나 최근에 읽은 책 중에 '작은 습관의 힘' 정말 좋았어 완전 동기 부여되더라고
오 그거 나도 한번 살펴봐야겠다
그리고 '아침의 기적'도 추천할게 아침 기상 습관 바꾸는데 진짜 도움 됐어
좋다 나도 아침형 인간 되고 싶은데
하하 그러게 그럼 이번 주말에 만나서 책 얘기 더 하자
그래 좋아
알겠어 그럼 나중에 봐
응 조심히 가라
그래 너도",0
"야 뭐해
어 나 지금 도서관이야
아 그랬구나 조용히 얘기해야겠다
응 뭐 괜찮아 무슨 일 있어
저번에 너가 추천한 책 진짜 재밌더라
아 진짜 그거 완전 몰입되지 않냐
맞아 맞아 그래서 나 그 작가 다른 책도 찾아봤어
어떤 거 봤는데
음 이번에 나온 신작 봤어 스토리도 짜임새 있고 되게 좋았어
오 그럼 나도 봐야겠다 추천 고마워
천만에 다음에 같이 도서관에서 책 보고 그러자
좋지 나중에 봐
그래
이따가 연락해",0
"야 뭐해
지금 집에서 쉬고 있어 넌
나도 집인데 같이 미술관 가볼래
너 전시 본다더니 이번에 또 뭐 추천해줄 거 있어
응 요즘 좋은 전시 있더라고 현대미술 쪽으로 생각해봐
오 좋네 내가 현대미술 좋아하는 거 어떻게 알았어 하하
그래서 이번 주말 어때 갈 수 있어
괜찮아 금요일이나 토요일 괜찮아
그럼 토요일에 만나자 그때 작품도 몇 개 추천해줄게
그래 완전 기대된다 너랑 같이 가면 더 재밌겠다
맞아 같이 가면 작품 보는 시각도 다르고 이야기 나누는 것도 좋잖아
그러게 그럼 토요일에 만나 아침에 출발할까
응 아침에 일찍 가서 여유롭게 보고 식사도 하고
좋다 그럼 연락할게 시간 정해서
그래 알았어 나중에 봐",0
"야 뭐해
어 지금 도서관에 있어
조용히 해야겠다
그니까 나도 작은 소리로 말할게
주말에 미술관 갔다 왔다 네 추천해 준 전시 진짜 좋더라
오 진짜 잘 됐다 어떤 작품이 제일 기억에 남았어
음 나는 그 추상화가 너무 인상 깊었어 색감이 되게 특이했거든
맞아 나도 그거 보면서 감탄했어 이번 전시가 정말 다양하더라
다음에 같이 가면 좋겠다 새로운 전시도 시작한다고 하던데
오케이 그럼 그때 같이 보러 가자 기대돼
그래 그럼 주말에 일정 맞춰보자
응 알았어 그럼 조용히 해야 되니까 나중에 연락할게
좋아 나중에 봐",0
"야 뭐해
나 집 근처 카페야
오 조용하겠다
응 여기 좋네
근데 맛집 리스트 그거 봤어
어 봤어 몇 군데 가본 데 있더라
어디가 좋았어
그 일식집 괜찮더라 가격도 적당하고
그럼 이번 주말에 일식집 먼저 갈까
좋아 시간 맞춰서 보자
거기 예약해야 되던데
음 내가 해둘게
고마워 근데 조용히 해야겠다
응 나도 카페니까 조용히 할게
주말에 봐
알았어 연락할게 조심히 들어가",0
"야 뭐해
지금 도서관이야 조용히 해야 돼
아 그렇구나 나도 어디 앉아서 통화하는 중이야
맛집 리스트 좀 공유하려고 연락했어
오 좋지 최근에 뭐 맛있는 데 찾았어
응 얼마 전에 가 본 곳인데 엄청 맛있었어
와 진짜 어디야
도서관에서 얘기하니까 목소리 낮춰야 해서 바로 말하기 좀 그래
나중에 보내줘
그래 그럼 이번 주말에 한 번 가볼래
좋아 시간 맞춰 보자
또 가고 싶은 곳 있어
몇 군데 더 있는데 다 보내줄게
고마워 나중에 만나서 얘기하자
그래 나중에 봐",0
"야 뭐해
카페에 있어 너는
나도 카페야 근데 거기 시끄럽네
그치 오늘 사람 많아
저기 말인데 우리 음악 페스티벌 티켓 예매해야 하지 않아
아 맞아 언제로 할까 그날 일정 비워놨지
음 보자 14일 어때 주말이라서
오 좋아 그럼 그날로 하자
티켓은 온라인으로 사면 되지
응 인터넷에서 바로 예매할 수 있을 거야
지금 해 볼까 네트워크 괜찮아
어 잠깐만 조용한 데로 옮길게 잠시만 기다려
오케이
됐다 이제 할 수 있어
티켓 다섯 장이면 되겠지
응 그렇게 하자
완료 나중에 만날 장소 정하자
좋아 그럼 카톡으로 공유할게
그래 알았어 그럼 나중에 봐
응 연락할게",0
"야 뭐해
어 나 지금 집에서 쉬고 있어
아 다행이다 나 지금 페스티벌 얘기 좀 하려고
오 좋아 나도 기대 중이야
이번에 어떤 아티스트 오지
어 내가 본 바로는 A랑 B가 온대
진짜 대박이다 꼭 가야겠네 티켓 예매 했어
아직 안 했어 좀 알아보려 했거든
우리 몇 시쯤 예매할까
음 오후 2시부터 열리니까 그때 맞춰서 하자
좋아 알겠어 그럼 같이 예매하자
그래 그럼 티켓도 같이 받자
응 뭐 좋은 자리 있으면 바로 잡아 통화 끊지 말고
알았어 그럼 2시에 다시 얘기하자
그래 나중에 봐",0
