dialogue,label,meta,scenario_type,scenario_relationship,scenario_context,participants
"야 어디야 지금
어 나 지금 밖에 나와 있어
음 바람이 좀 불더라
그러게 오늘 날씨 좋아
저기 그 학원비 말인데
아 맞다 그거
그래 얼마씩 나눠서 내야 할지
음 내가 생각해봤는데 반반으로 하면 어떨까
그게 제일 깔끔하긴 하지
응 그래야 서로 편할 것 같아
그럼 우리 이번 주말에 만나서 정리할까
아 좋다 그러자
시간 맞추는 게 좋겠네
그럼 토요일 어때
괜찮아 토요일에 보자
오케이 그럼 그렇게 정하자
완전 좋아
다음에 봐
응 나중에 봐",0,"{'conversation_type': 'casual_normal', 'relationship': '친구', 'context': '학원비 분담 논의', 'tone': '협조적', 'topic': '공동 수강 시 학원비 분배', 'emotion': '협력적', 'call_environment': '실외', 'participants': ['전도윤', '김성민']}",대학 동기와 학원비 분담,친구,공동 수강 시 학원비 분배 논의,
"야 뭐해
어 나 지금 밖에 나와 있어
아 바람 불지 않냐
어 그러게 시원하고 좋다
저기 말인데 이번 학원비 어떻게 할까
나도 그 얘기하려고 했어 학원비 반씩 내는 게 어때
좋지 매달 첫 주에 같이 입금할까
응 그게 편할 것 같아 날짜는 어떻게 할래
5일 어때
완전 좋아 그럼 이번 주 5일에 입금하자
오케이 음 그럼 다음주에 또 만나자
어 알았어 다음주에 보자
그래 나중에 연락할게",0,"{'conversation_type': 'casual_normal', 'relationship': '친구', 'context': '약속 잡기', 'tone': '협조적', 'topic': '공동 수강 시 학원비 분배 논의', 'emotion': '편안함', 'call_environment': '실외', 'participants': ['손주호', '구태현']}",대학 동기와 학원비 분담,친구,공동 수강 시 학원비 분배 논의,
"안녕하세요 관리비 관련해서 문의드리려고요
아 네 말씀하세요
이번에 관리비 청구서 봤는데요 음 항목이 좀 많아서요
어 혹시 어떤 부분이 궁금하세요
전기료랑 수도료는 이해가 되는데요 그 공용시설 유지비가 어떤 건지 잘 모르겠어서요
아 그거는 엘리베이터랑 복도 청소 비용 같은 거예요
음 그렇군요 아 그리고 납부 방법을 좀 여쭤보려고 했어요
지금은 계좌이체로 되고 있고요 다른 방법도 원하시면 조정 가능해요
네 알겠습니다 계좌이체로 계속 할게요 그럼 고맙습니다
네 언제든지 또 문의하세요
네 감사합니다 그럼 이만 끊을게요",0,"{'conversation_type': 'casual_normal', 'relationship': '세입자-집주인', 'context': '관리비 논의', 'tone': '공손함', 'topic': '관리비 항목 및 납부 방법 확인', 'emotion': '중립', 'call_environment': '시끄러운 실내', 'participants': ['손수빈', '성승민']}",집주인과 관리비 논의,세입자-집주인,관리비 항목 및 납부 방법 확인,
"안녕하세요 집주인님
어 그래 무슨 일이야
관리비 관련해서 문의 드리려고요
아 네 뭐가 궁금해
관리비 항목이 어떻게 되는지 자세히 알고 싶어서요
음 기본적으로 수도 전기 가스 인터넷 포함되어 있고
관리비는 매달 며칠까지 내면 되나요
매달 5일 전에 계좌로 보내주면 돼
그럼 계좌번호 좀 알려주시겠어요
음 바람이 불어 잘 안 들리는데 나중에 문자로 보내 줄게
아 네 알겠습니다 감사합니다
별말씀을 그럼 수고해
네 좋은 하루 되세요",0,"{'conversation_type': 'casual_normal', 'relationship': '세입자-집주인', 'context': '관리비 납부 방법 확인', 'tone': '공손함', 'topic': '관리비 항목 및 납부 방법', 'emotion': '일상적', 'call_environment': '실외', 'participants': ['박현서', '남지현']}",집주인과 관리비 논의,세입자-집주인,관리비 항목 및 납부 방법 확인,
"어 안녕 거기 밖에 나와 있어
응 지금 바람이 좀 불어 시원하다
다름 아니라 이번 달 전기세 어떻게 낼지 좀 얘기해보려고
아 그거 말이야 우리는 보통 온라인으로 내잖아
맞아 근데 이번엔 좀 다르게 해볼까 싶더라고
음 그럼 이번엔 직접 은행 가서 낼까
그래도 되는데 요즘 온라인이 더 간편하긴 하지 않나
하긴 그래 그럼 이번에도 온라인으로 하고 날짜만 정하자
좋아 그럼 내일이나 모레 중에 어떨까
음 모레는 내가 좀 바쁠 것 같아서 내일이 좋겠어
알겠어 그럼 내일 저녁에 같이 하자
응 좋아 그렇게 하자 밖에서 얘기하니까 머리가 맑아지는 것 같아
그러게 말이야
그럼 이따가 연락할게
응 알았어 조심히 들어가",0,"{'conversation_type': 'casual_normal', 'relationship': '가족', 'context': '전기세 납부 계획', 'tone': '협조적', 'topic': '전기세 납부 방법과 일정 조율', 'emotion': '협조적', 'call_environment': '실외', 'participants': ['차주원', '박세은']}",전기세 납부 계획 상담,가족,전기세 납부 방법과 일정 조율,
"야 뭐해 지금
어 나 지금 쇼핑몰인데 좀 시끄럽다
아 그래 그럼 잠깐만 밖으로 나갈까
괜찮아 그냥 바로 말해봐
전기세 말인데 이번 달 얼마 나왔어
음 확인해 보니까 꽤 많이 나왔더라
맞아 전기 많이 썼더니 그런가 봐
그러니까 이번엔 나눠서 내는 게 좋겠어
어떻게 할까 반반 나눠서 할까
그러면 좋지 날짜는 언제가 좋아
월말까지는 괜찮으니까 25일쯤 어때
어 좋아 그럼 그때 맞춰서 준비할게
알았어 그럼 이따 집에 가서 다시 연락할게
그래 그래 조심히 들어가라
응 너도 나중에 봐",0,"{'conversation_type': 'casual_normal', 'relationship': '가족', 'context': '전기세 납부 계획 상담', 'tone': '협조적', 'topic': '전기세 납부 방법과 일정 조율', 'emotion': '중립적', 'call_environment': '시끄러운 실내', 'participants': ['성하율', '한하준']}",전기세 납부 계획 상담,가족,전기세 납부 방법과 일정 조율,
"저기 요즘 물가 많이 올랐잖아
맞아 식비도 그렇고 교통비도 많이 드네
생활비 예산 좀 조정해야 하지 않을까
그러게 이번 달에 식비가 너무 많이 나갔더라고
다음 달부터는 좀 더 계획적으로 써야겠어
일단 식비를 좀 줄이고 다른 데서도 아낄 수 있는지 보자
음 매달 고정비용도 다시 확인해볼까
좋아 세세하게 적어두면 도움이 될 거야
그럼 주말에 같이 앉아서 한번 체크해보자
그래 주말에 도서관에서 조용히 얘기하자
좋아 그럼 그렇게 하자",0,"{'conversation_type': 'casual_normal', 'relationship': '가족', 'context': '월별 생활비 예산 조정', 'tone': '진지함', 'topic': '물가 상승 대비 생활비 논의', 'emotion': '차분함', 'call_environment': '조용한 공공장소', 'participants': ['최채원', '백지호']}",물가 상승 대비 생활비 논의,가족,월별 생활비 예산 조정,
"어 나 지금 버스 타고 가는 중인데 잠깐 얘기할 수 있어
응 그럼 얘기해
요즘 물가가 너무 올라서 생활비 다시 조정해야 할 것 같아
맞아 맞아 나도 그 생각했어
이번 달에는 식비를 좀 줄일 수 있을까
그럴 수 있을 것 같아 근데 우리 외식 줄이는 게 좋겠어
응 그게 좋겠다 그리고 교통비도 절약할 방법 좀 찾아봐야겠어
지금 이동하면서 생각해봤는데 대중교통을 더 자주 이용하면 될 것 같아
좋은 생각이야 그럼 다음 달부터 그렇게 해보자
응 알았어 돌아가서 구체적으로 정리해보자
버스 내려서 다시 얘기하자 그럼
그래 나중에 보자",0,"{'conversation_type': 'casual_normal', 'relationship': '가족', 'context': '월별 생활비 조정', 'tone': '진지함', 'topic': '물가 상승 대비 생활비', 'emotion': '걱정', 'call_environment': '이동 중', 'participants': ['윤하늘', '고소율']}",물가 상승 대비 생활비 논의,가족,월별 생활비 예산 조정,
"야 잘 들어갔어
어 방금 도착했어
오늘 진짜 맛있었지
완전 배부르게 먹었어 하하
근데 지금 바람이 좀 불어서 추워
밖에 나와 있어
아 진짜 이제서야 치우려고 하는데 얼마나 나왔어
음 대략 4만 원 정도 나왔는데 인당 2만 원씩 하면 될 듯
오케이 그럼 내가 보내줄게 잠시만
너 계좌 뒷자리 몇 번이더라
4589야
좋아 바로 보낼게
어어 나왔다 확인했어 고마워
아무튼 오늘 너무 재밌었어 다음에 또 가자
그러게 나중에 봐
응 연락할게 들어가서 따뜻하게 쉬어",0,"{'conversation_type': 'casual_normal', 'relationship': '친구', 'context': '외식 후 비용 정산', 'tone': '편안함', 'topic': '외식 비용 나누기', 'emotion': '즐거움', 'call_environment': '실외', 'participants': ['하가은', '한성민']}",친구와 외식 비용 정산,친구,외식 후 비용 계산 및 나누기,
"야 어제 저녁 맛있었지
어 완전 좋았어 너도 재밌었지
그럼그럼 근데 그거 비용 어찌 나눌까
음 한 사람당 이만 오천원 정도 나왔더라
어 그러면 내가 은행 앱으로 보낼게 계좌번호 뭐야
그냥 전화번호로 보내줄래 내가 등록해놨거든
오케이 지금 걷는 중이라 잠깐 걸어가면서 해볼게
어 알았어 나도 지금 버스 타고 있거든 조심히 해
음 진짜 어제는 또 어디서 그런 맛집 찾아냈어 크크
하하 진짜 그냥 인터넷에서 본건데 대박이지
그러게 다음에는 내가 한 번 찾아볼게
좋아 그럼 다음에 또 만나자 나중에 봐",0,"{'conversation_type': 'casual_normal', 'relationship': '친구', 'context': '외식 비용 정산', 'tone': '편안함', 'topic': '외식 후 비용 계산 및 나누기', 'emotion': '즐거움', 'call_environment': '이동 중', 'participants': ['백채원', '곽채원']}",친구와 외식 비용 정산,친구,외식 후 비용 계산 및 나누기,
"엄마 지금 통화 괜찮아
어 지금 조용히 말해야 돼서 그래 무슨 일이야
저 여행 계획 짜고 있었는데 그게 말이야 경비가 좀 필요해서
그래 얼마가 필요한데
어 지금 예상보다 조금 더 나와서 삼십만 원 정도 생각 중이야
어 그래 알겠어 대신 다음 달 용돈에서 일부 제외하는 거 알지
응 알았어 고마워 엄마
그래 여행 잘 다녀와
응 그럼 나중에 봐",0,"{'conversation_type': 'casual_normal', 'relationship': '가족', 'context': '여행 경비 지원 요청', 'tone': '조심스러움', 'topic': '여행 계획', 'emotion': '조심스러움', 'call_environment': '조용한 공공장소', 'participants': ['임주하', '하시윤']}",부모님께 여행 경비 요청,가족,여행 경비 지원 요청,
"엄마 잠깐 이야기할 수 있어
지금 괜찮아 무슨 일이야
다름이 아니라 말이야 이번에 친구들이랑 여행 가기로 했거든
음 그래 어디로 가기로 했어
서울로 가기로 했어 그래서 말인데 여행 경비 조금 지원해 줄 수 있을까 해서
아 그래 그럼 얼마나 필요해
대략 15만원 정도 생각하고 있어 여러 가지 좀 해야 되서
알겠어 그럼 계좌로 보내줄게
고마워 엄마 진짜 이번에 잘 다녀올게
그래 잘 다녀오고 조심히 놀고 와
응 알겠어 또 연락할게",0,"{'conversation_type': 'casual_normal', 'relationship': '가족', 'context': '여행 경비 지원 요청', 'tone': '조심스러움', 'topic': '여행 경비', 'emotion': '부담감', 'call_environment': '조용한 실내', 'participants': ['노연우', '우서희']}",부모님께 여행 경비 요청,가족,여행 경비 지원 요청,
"안녕하세요 선생님 지금 통화 괜찮으세요
아 네 괜찮습니다 말씀하세요
다름이 아니라 수강료 납부 일정을 다시 확인하고 싶어서요
아 그렇군요 원래 이번 주 안에 납부하시면 되고요 상황에 따라서 조정 가능하니 걱정하지 마세요
아 네 감사합니다 혹시 늦게 납부하면 불이익 같은 게 있을까요
아뇨 큰 문제는 없어요 그냥 관리 차원에서 정해둔 일정이니까요
알겠습니다 이번 주 안에 낼게요
네 알겠습니다 다른 궁금한 점 있으시면 언제든지 문의하세요
감사합니다 선생님 그럼 이만 끊겠습니다
네 좋은 하루 보내세요",0,"{'conversation_type': 'casual_normal', 'relationship': '학생-선생님', 'context': '수강료 납부 일정 문의', 'tone': '공손함', 'topic': '수강료 상담', 'emotion': '평온함', 'call_environment': '조용한 실내', 'participants': ['전우빈', '한수아']}",학원 선생님과 수강료 상담,학생-선생님,수강료 납부 일정 문의,
"선생님 안녕하세요
안녕하세요 무슨 일이에요
다름이 아니라 수강료 납부 일정 때문에요
아 그렇군요 다음 주까지 납부하시면 돼요
음 확인해 주셔서 감사합니다
문의할 게 있으면 언제든지 연락 주세요
알겠습니다 조용히 해야 돼서 이만 끊을게요
네 좋은 하루 보내요",0,"{'conversation_type': 'casual_normal', 'relationship': '학생-선생님', 'context': '수강료 상담', 'tone': '공손함', 'topic': '수강료 납부 일정', 'emotion': '공감', 'call_environment': '조용한 공공장소', 'participants': ['한라윤', '백지윤']}",학원 선생님과 수강료 상담,학생-선생님,수강료 납부 일정 문의,
"야 뭐해
어 그냥 집이야 왜
어제 게임 진짜 재밌었지
맞아 우리 팀 대박이었어
음 그러고 보니 상금 정산 얘기해야 하지 않나
아 맞다 그럼 어떻게 나누지
우리가 1등 했으니까 총 금액이 꽤 괜찮잖아
응 그러게 그럼 반반 나누면 되겠지
오케이 그럼 내일 만나서 얘기하자
그래 그러면 집 앞 카페에서 볼래
좋아 그럼 내일 봐
오케이 연락할게
응 나중에 봐",0,"{'conversation_type': 'casual_normal', 'relationship': '친구', 'context': '공동 게임 대회 상금 분배', 'tone': '즐거움', 'topic': '게임 경품 금액 정산', 'emotion': '즐거움', 'call_environment': '조용한 실내', 'participants': ['배민재', '정예원']}",친구와 게임 경품 금액 정산,친구,공동 게임 대회 상금 분배,
"야 어제 게임 대박이었지
진짜 재밌었어 우린 역시 팀웍이 좋아
하하 그러게 말이야
그래서 상금 어떻게 나눌까
음 그게 1등 해서 기분 좋았으니까 반반으로 가자
오케이 난 상관없어
그러면 오늘 저녁에 만나서 정산할까
좋아 어디서 볼래
음 우리 집에서 할까 여기 조용해서
그럼 거기로 갈게 몇 시에 보지
한 일곱 시쯤 어때
좋아 그럼 그때 보자
오케이 그럼 나중에 봐
응 나중에 봐",0,"{'conversation_type': 'casual_normal', 'relationship': '친구', 'context': '약속 잡기', 'tone': '친근함', 'topic': '주말 만남', 'emotion': '즐거움', 'call_environment': '조용한 실내', 'participants': ['유서린', '권예린']}",친구와 게임 경품 금액 정산,친구,공동 게임 대회 상금 분배,
"안녕하세요 지금 통화 가능할까요
네 가능하십니다 무엇을 도와드릴까요
대출 관련해서 상담 좀 받고 싶은데요
아 네 대출 가능 금액과 조건에 대해 안내드리겠습니다
감사합니다 대략적으로 얼마까지 가능할까요
고객님의 신용등급에 따라 다르지만 기본적으로 3천만 원부터 시작합니다
조건이나 이자율은 어떻게 되나요
조건은 신용등급과 소득에 따라 다르며 이자율도 마찬가지로 변동될 수 있습니다 대략적으로 4%에서 6% 사이입니다
알겠습니다 그럼 소득 증빙이 필요한 거죠
네 맞습니다 소득을 증빙할 수 있는 서류가 필요하십니다
이해했습니다 정보 감사해요
언제든지 추가 문의사항 있으면 연락 주시고요 감사합니다
네 알겠습니다 좋은 하루 되세요",0,"{'conversation_type': 'casual_normal', 'relationship': '고객-은행직원', 'context': '대출 상담', 'tone': '정중함', 'topic': '대출 가능 금액과 조건', 'emotion': '중립', 'call_environment': '조용한 공공장소', 'participants': ['남아린', '강성민']}",은행 대출 상담,고객-은행직원,대출 가능 금액과 조건 문의,
"여보세요
아 네 안녕하세요
저기 대출 상담 좀 하려고 전화 드렸는데요
아 네 어떤 대출에 대해서 문의하시려고요
제가 지금 카페에 있어서 조금 시끄러울 수 있어요 괜찮을까요
네 괜찮습니다
그 혹시 대출 가능한 금액과 조건이 어떻게 되나요
고객님의 신용 등급과 소득을 고려해서 최대 5천만 원까지 가능하십니다
음 혹시 금리는 어느 정도인가요
지금 기준 금리가 3퍼센트라 대략 4퍼센트 전후로 보실 수 있어요
아 그렇군요 기간은 얼마나 되나요
최대 5년까지 가능합니다
알겠습니다
더 궁금하신 사항 있으신가요
지금으로서는 없습니다 감사합니다
네 감사합니다 좋은 하루 되세요",0,"{'conversation_type': 'casual_normal', 'relationship': '고객↔업체', 'context': '대출 상담', 'tone': '정중함', 'topic': '대출 가능 금액과 조건', 'emotion': '중립', 'call_environment': '시끄러운 실내', 'participants': ['황주원', '임나은']}",은행 대출 상담,고객-은행직원,대출 가능 금액과 조건 문의,
"안녕하세요 제가 지금 월세 납부 관련해서 문의 드리려고요
네 말씀하세요 어떻게 도와드릴까요
이번 달에 살짝 늦을 것 같아서요 혹시 괜찮으실까요
아 그러시군요 며칠 정도 예상하시나요
한 5일 정도만 더 주시면 될 것 같아요
알겠습니다 그럼 이번 달에만 5일 연장해 드릴게요
정말 감사합니다 다음부터는 더 신경 쓸게요
아니에요 누구나 그런 날이 있죠
그럼 월세는 계좌로 송금 드리면 될까요
네 맞아요 그 계좌로 보내주시면 됩니다
네 감사합니다 그럼 다음 달에는 제때 낼게요
네 알겠습니다 다른 필요하신 거 있으면 언제든지 말씀해 주세요
네 감사합니다 좋은 하루 보내세요
네 감사합니다 안녕히 계세요",0,"{'conversation_type': 'casual_normal', 'relationship': '세입자-집주인', 'context': '월세 조율', 'tone': '협조적', 'topic': '월세 납부 일정 및 방법 협의', 'emotion': '편안함', 'call_environment': '조용한 실내', 'participants': ['심지현', '성유리']}",세입자와 월세 조율,세입자-집주인,월세 납부 일정 및 방법 협의,
"안녕하세요 집주인님
안녕하세요 무슨 일로 전화 주셨나요
다름이 아니라 이번 달 월세 얘기 좀 하려고요 음 다음 주에 낼 수 있을 것 같은데
아 그럼 그때 납부하시면 될 것 같아요
네 계좌로 보내면 되는 거죠
네 맞습니다
그럼 정확히 날짜를 정할까요 아마 15일이 가장 좋을 것 같아요
좋습니다 15일에 보내주시면 됩니다
혹시 다른 방법으로 낼 수 있는 것도 있나요
음 계좌 이체가 제일 편하긴 한데 혹시 현금 납부를 원하시면 말씀해주세요
아 그래도 이체가 편할 것 같아요 그럼 그렇게 할게요
네 알겠습니다 감사합니다
네 그럼 또 연락 드릴게요 좋은 하루 보내세요
좋은 하루 되세요
네 끊을게요",0,"{'conversation_type': 'casual_normal', 'relationship': '세입자-집주인', 'context': '월세 납부 일정 및 방법 협의', 'tone': '협조적', 'topic': '월세 조율', 'emotion': '중립', 'call_environment': '조용한 실내', 'participants': ['신은서', '하예나']}",세입자와 월세 조율,세입자-집주인,월세 납부 일정 및 방법 협의,
"야 뭐해
지금 걷는 중이야 너는
나도 걷고 있어 음 그 교재 말이야
응 이번에 같이 사기로 했던 거
그래 그래서 나눠서 계산하려고 했는데 얼마였어
음 기억하기로는 총 삼만 오천원이었던 것 같은데
오 그러면 우리가 반씩 내면 되겠다
맞아 만칠천오백원씩 내면 돼
그러면 나중에 입금하면 되는 거지
응 계좌 번호 문자로 보내줄게
알았어 잠깐만 신호등에서 기다리면서 메모할게
오케이 그럼 이따가 연락할게
응 나중에 봐",0,"{'conversation_type': 'casual_normal', 'relationship': '친구', 'context': '공동 교재 구매 비용 분담', 'tone': '편안함', 'topic': '교재 구입비 나누기', 'emotion': '즐거움', 'call_environment': '이동 중', 'participants': ['한서하', '홍민호']}",친구와 교재 구입비 나누기,친구,공동 교재 구매 비용 분담,
"잘 지내냐
나야 잘 지내고 있어
저기 그 교재 같이 사기로 했잖아
그래 맞아 그거 어디서 샀어
인터넷으로 샀어 바로 배송 오더라
진짜 빨리 오네 그렇게 빨리 온 줄 몰랐어
그러게 요즘 진짜 빠르더라고
비용 어떻게 나누지
반반 나누면 되지 않을까
그럼 계좌로 보내줄게
오케이 확인할게
정말 편하게 지내고 있어
응 그래 나중에 만나면 고기 사줄게
그래 그럼 나도 갈 때 뭐 가져갈게
좋아
알았어 나중에 보자",0,"{'conversation_type': 'casual_normal', 'relationship': '친구', 'context': '공동 교재 구매 비용 분담', 'tone': '편안함', 'topic': '교재 구입비 나누기', 'emotion': '즐거움', 'participants': ['안유진', '남서윤'], 'call_environment': '조용한 실내'}",친구와 교재 구입비 나누기,친구,공동 교재 구매 비용 분담,
"엄마 나 지금 마트인데 엄청 시끄럽네
거기 사람 많아
어 정말 많아 근데 우리 예산 얼마야
그게 말이야 이번 주 예산은 10만 원 생각하고 있었는데 어때
음 생각보다 적네 그럼 필요한 것만 골라야겠네
맞아 그래서 고기랑 채소 위주로 살까
고기랑 채소 좋지 근데 음 여기 세일하는 물건들도 많아 보여
그래 그럼 세일하는 거 위주로 한번 둘러봐
어 알겠어 저기서 소리가 너무 커서 잠깐만 조용한 쪽으로 갈게
알겠어 그래도 신경 써서 잘 사야 해 다른 거 놓치면 안 돼
알겠어 챙겨보고 부족한 건 다음에 또 가면 되니까
그럼 계산대에서 다시 연락해
응 그래 봐 나중에 집에서 봐
어 그래 조심히 와",0,"{'conversation_type': 'casual_normal', 'relationship': '가족', 'context': '장보기 비용 계산', 'tone': '협조적', 'topic': '장보기 예산과 비용 배분', 'emotion': '즐거움', 'call_environment': '시끄러운 실내', 'participants': ['김하린', '문수연']}",가족과 장보기 비용 계산,가족,장보기 예산과 비용 배분,
"야 뭐해
지금 마트야 좀 시끄러워
그래서 장보기 비용 좀 정리하려고
얼마나 썼어
지금까지 대략 삼만원 정도인 것 같아
근데 이번 주 예산이 얼마나 남았지
아 맞다 오만원 다 안 쓴 것 같아
음 그러면 남은 예산으로 다른 거 뭐 살까
음 나 빵 같은 거 좀 사고 싶은데
좋아 근데 거기 시끄럽네
응 사람들이 많아서 그래
알았어 다음에는 조용한 데서 이야기하자
그래 그렇게 하자
그럼 일단 이따가 자세히 이야기하자
알겠어 나중에 봐",0,"{'conversation_type': 'casual_normal', 'relationship': '가족', 'context': '장보기 예산과 비용 배분', 'tone': '협조적', 'topic': '장보기 비용 계산', 'emotion': '즐거움', 'call_environment': '시끄러운 실내', 'participants': ['문성민', '류도윤']}",가족과 장보기 비용 계산,가족,장보기 예산과 비용 배분,
"야 뭐해
어 지금 밖에 나와 있어 산책 중이야
아 그렇구나 나도 나와서 걸어가고 있어 하하
그거 말이야 우리 스포츠 모임 회비 얼마였지
아 맞다 회비 얘기 하자고 했지 나 생각해보니까 이번엔 둘로 나누는 게 좋을 것 같아
음 좋아 그럼 참가비랑 활동비로 어떻게 나눌까
참가비는 2만원 하고 활동비 1만원으로 하면 어때
그럼 3만원씩 내면 되는 거지
응 맞아 그렇게 하면 돼
알았어 그럼 이번 주말에 만날 때 낼게
좋아 그러면 나도 그때 챙겨올게
오케이 그럼 날씨도 좋으니까 조금 더 걸어야겠다
그래 그래 나중에 연락해
응 연락할게
어 잘가",0,"{'conversation_type': 'casual_normal', 'relationship': '친구', 'context': '모임 회비', 'tone': '협조적', 'topic': '스포츠 모임 회비 논의', 'emotion': '협조적', 'call_environment': '실외', 'participants': ['문서준', '백우진']}",친구와 스포츠 모임 회비 논의,친구,모임 회비 납부 방법과 금액 논의,
"야 나야
어 그래 뭐해
나 지금 밖에 나와 있어 걷고 있는 중이야
오 바람 불지 않니 거기
어 맞아 바람도 좀 불고 날씨도 좋네
다름이 아니라 그 주말에 스포츠 모임 회비 얘기하려고
아 그래 얼마 낼까
이번에 회비가 좀 늘어나서 3만 원씩 내기로 했대
음 그러면 어떻게 낼까
내일 모임에서 직접 주는 게 좋을 것 같아
그래 그럼 내일 모임에서 주자
알겠어 그럼 내일 만나자
오케이 나중에 봐",0,"{'conversation_type': 'casual_normal', 'relationship': '친구', 'context': '모임 회비 논의', 'tone': '협조적', 'topic': '스포츠 모임 회비', 'emotion': '평온함', 'call_environment': '실외', 'participants': ['송하성', '권연우']}",친구와 스포츠 모임 회비 논의,친구,모임 회비 납부 방법과 금액 논의,
"어 지금 지하철에서 전화 받았어
아 그랬구나 바쁠 텐데 미안해
아니야 뭐 괜찮아 얘기해봐
이번 프로젝트 지출 비용 나눠야 하는데
그래서 어떻게 하면 좋을까
내가 리스트 정리했어 여기서 절반씩 나누면 될 것 같아
오케이 리스트 보내줘서 같이 확인해볼게
응 내가 메일로 보낼게
알았어 그럼 메일 받고 얘기 다시 해보자
좋아 그럼 조심히 와
고마워 연락할게",0,"{'conversation_type': 'casual_normal', 'relationship': '동료', 'context': '업무 관련 지출 비용 분배', 'tone': '협조적', 'topic': '프로젝트 비용 공유', 'emotion': '협조적', 'call_environment': '이동 중', 'participants': ['고소윤', '윤아린']}",동료와 프로젝트 비용 공유,동료,업무 관련 지출 비용 분배,
"어 지금 걷는 중이야 뭐 좀 물어보려고
그래 말해 어떤 거
저번 프로젝트 때 비용 분담 이야기했었잖아 그거 정리하려고
아 맞아 그게 좀 복잡했었지 얼마 나왔어
총 비용이 50만 원 정도였어 반반씩 나누면 될 것 같은데
오케이 그러면 나중에 보내줄게
고마워 그럼 다음 프로젝트도 잘 부탁해
그러자 준비 잘 되어가고 있어
응 시간 나면 따로 얘기하자
좋아 연락할게
응 조심히 가",0,"{'conversation_type': 'casual_normal', 'relationship': '동료', 'context': '업무 관련 지출 비용 분배', 'tone': '협조적', 'topic': '프로젝트 비용 공유', 'emotion': '협조적', 'call_environment': '이동 중', 'participants': ['강은우', '성우빈']}",동료와 프로젝트 비용 공유,동료,업무 관련 지출 비용 분배,
"야 뭐해 지금
어 나 지금 밖에 나와 있어 바람 불어
아 그래 나도 지금 걷는 중이야 그런데 저기 말인데
응 무슨 일이야 결혼식 말이지
맞아 그거 생각보다 비용이 좀 나오더라고
그러게 아 우리 어떻게 나눌지 얘기해봐야 할 것 같아서
내 생각엔 음식값은 우리가 좀 더 부담하면 좋을 것 같아
오케이 그럼 선물은 내가 맡을게 서로 부담 안 되게 나눠서 하자
좋아 그러면 이렇게 하자 확정되는 대로 연락 줘
그래 그럼 그렇게 하자 날씨 좋으니까 기분도 좋네
하하 맞아 그럼 나중에 보자
응 그래 연락할게 나중에 봐",0,"{'conversation_type': 'casual_normal', 'relationship': '가족', 'context': '결혼식 비용 논의', 'tone': '협조적', 'topic': '결혼식 선물 및 참가 비용', 'emotion': '협조적', 'call_environment': '실외', 'participants': ['배수빈', '서하늘']}",친척 결혼식 비용 분담,가족,결혼식 선물 및 참가 비용 논의,
"어 거기 시끄럽네
어 미안해 지금 카페에 있어
괜찮아 어쩐 일이야
저기 있잖아 다음 주에 결혼식 있잖아
아 맞다 선물 뭐 할 거야
음 우리 다 같이 돈 모아서 큰 거 하나 하자
좋지 근데 얼마 정도 생각해
한 사람당 5씩 모아서 30 정도?
어 괜찮네 그런데 참가비는
음 그건 각자 부담하자 서로 부담 덜게
맞아 그래야겠네 그리고 식 끝나고 모여서 같이 밥 먹을까
좋아 요즘 바빠서 얘기할 시간도 없었잖아
그러게 하하 그럼 그때 보자
그래 조심히 가고 응 연락할게",0,"{'conversation_type': 'casual_normal', 'relationship': '가족', 'context': '결혼식 비용 분담', 'tone': '협조적', 'topic': '결혼식 선물 및 참가 비용 논의', 'emotion': '즐거움', 'call_environment': '시끄러운 실내', 'participants': ['정예린', '이하윤']}",친척 결혼식 비용 분담,가족,결혼식 선물 및 참가 비용 논의,
"안녕하세요 등록금 문의 드리려고요
네 어떤 부분 도와드릴까요
혹시 등록금 분할 납부 가능한가요
네 가능합니다 몇 번에 나누고 싶으신가요
두 번으로 나눌 수 있을까요
네 가능합니다 첫 번째 납부는 등록 시 두 번째는 다음 달 초에 하시면 돼요
아 감사합니다 도움 많이 됐어요
다른 궁금한 점은 없으세요
아 네 그 정도면 충분합니다
네 필요한 사항 생기면 언제든 연락주세요
고맙습니다 좋은 하루 보내세요
네 감사합니다",0,"{'conversation_type': 'casual_normal', 'relationship': '학생-학원', 'context': '등록금 문의', 'tone': '공손함', 'topic': '등록금 분할 납부', 'emotion': '감사함', 'call_environment': '실외', 'participants': ['강연우', '송서준']}",학원 등록금 분할 납부 상담,학생-학원,등록금 분할 납부 가능 여부 문의,
"안녕하세요 혹시 지금 통화 가능할까요
네 가능합니다 무슨 일이세요
등록금 관련해서 문의 드리려고요
어떤 부분이 궁금하신가요
혹시 등록금을 분할 납부할 수 있을까요
네 가능합니다 일정에 맞춰 나눠서 납부하실 수 있어요
그럼 얼마씩 나눠서 납부하면 되나요
먼저 초기 납부금은 전액의 30%이고 나머지는 두 번에 걸쳐 납부하시면 됩니다
알겠습니다 그럼 처음 납부금은 언제까지 내야 하나요
수업 시작 전까지는 내주셔야 해요
확인 감사합니다 나중에 등록하러 갈게요
네 언제든지 방문해주세요 감사합니다
감사합니다 좋은 하루 되세요",0,"{'conversation_type': 'casual_normal', 'relationship': '학생-학원', 'context': '등록금 분할 납부 문의', 'tone': '공손함', 'topic': '등록금 분할 납부 가능 여부', 'emotion': '중립', 'call_environment': '조용한 실내', 'participants': ['장민성', '구도윤']}",학원 등록금 분할 납부 상담,학생-학원,등록금 분할 납부 가능 여부 문의,
"야 뭐해
어 나 집이야
우리 저번에 간식 산 거 있잖아
아 그거 나눠야지
얼마 나왔어
총 2만 4천 원 나왔거든
오 그러면 각자 1만 2천 원인가
응 맞아
그럼 내가 계좌로 보낼게
고마워
다음에 또 같이 먹자
그래 그럼 나중에 봐",0,"{'conversation_type': 'casual_normal', 'relationship': '친구', 'context': '간식 구매 비용 나누기', 'tone': '편안함', 'topic': '간식 비용', 'emotion': '즐거움', 'call_environment': '조용한 실내', 'participants': ['성예린', '임지훈']}",친구와 간식 비용 계산,친구,간식 구매 비용 나누기,
"야 뭐해
어 나 지금 카페야 소음 장난 아니게 시끄러워
아 그래 나도 카페인데 여기 사람 엄청 많아
그래서 말인데 저번에 간식 산거 비용 나누자
아 맞다 그거 부담할게 얼마나 나왔어
총 15000원 나왔어 우리가 반반하면 7500원씩이네
그럼 내가 계좌로 보낼게
좋아 어 나중에 또 같이 간식 사자 너무 좋았어
하하 진짜 완전 맛있었어 다음에 또 가자
그래 그럼 이따봐
어 나중에 봐
",0,"{'conversation_type': 'casual_normal', 'relationship': '친구', 'context': '간식 구매 비용 나누기', 'tone': '편안함', 'topic': '간식 비용', 'emotion': '즐거움', 'call_environment': '시끄러운 실내', 'participants': ['윤지현', '우가은']}",친구와 간식 비용 계산,친구,간식 구매 비용 나누기,
"어 지금 어디야
나 지금 지하철 타고 이동 중이야 조금 복잡하네
아 그래 나도 지하철이야 음 이번 달 월세 말이야
그거 나도 얘기하려고 했어 총 얼마더라
이번 달은 60만 원 좀 넘게 나왔더라
음 그러면 반반씩 하면 되겠네 그치
어 맞아 30만 원씩 부담하면 될 것 같아 어떻게 보낼까
어 나 요즘 모바일 뱅킹 써서 계좌로 보내면 될 것 같아
오케이 그럼 계좌번호 문자로 보내줘
알았어 나중에 보내줄게
고마워 이번 달에는 다른 일도 많아서 신경 써줘서 고마워
어떻게든 잘 해결해야지 그럼 집에서 보자
그래 집에 도착하면 연락할게
알았어 안전하게 와
응 너도 잘 가",0,"{'conversation_type': 'casual_normal', 'relationship': '가족', 'context': '월세 분담', 'tone': '협조적', 'topic': '월세 분담 논의', 'emotion': '편안함', 'participants': ['송다현', '문유준'], 'call_environment': '이동 중'}",가족과 월세 분담,가족,형제/자매와 월세 분담 논의,
"야 뭐해
어 나 지금 조용한 데 와서 생각 좀 하고 있어
그래 다름이 아니라 월세 분담 얘기 좀 해보려고 전화했어
아 맞아 그거 우리 어떻게 할까
일단 이번 달부터 내가 조금 더 부담할까 싶어
음 그럴 필요는 없는 것 같아 서로 반반씩 나누는 게 어떨까
그래도 내가 요즘 좀 여유가 있으니까 부담 덜어주고 싶어서
아 그래 그럼 네가 괜찮다면 고마워
아무튼 이렇게 결정하자 이번에 내가 좀 더 내고 다음달엔 상황 보고 다시 얘기해
오케이 그렇게 하자 고마워 항상 조심하고
그래 너도 잘 지내",0,"{'conversation_type': 'casual_normal', 'relationship': '가족', 'context': '월세 분담 논의', 'tone': '협조적', 'topic': '생활비', 'emotion': '협조적', 'call_environment': '조용한 공공장소', 'participants': ['노재원', '박시현']}",가족과 월세 분담,가족,형제/자매와 월세 분담 논의,
"어 저기 오늘 점심 회비 계산했어
아 그래 나 얼마 보내면 돼
음 1인당 만 삼천 원씩인데
오케이 내가 그럼 계좌로 보낼게
어 혹시 내 계좌 알아
아 그 네 번호 1234로 시작하지
맞아 오늘 밥 맛있었지
진짜 맛있었어 다시 가고 싶더라
다음엔 다른 메뉴도 먹어보자
그래 좋아 내가 다음에 계산할게
고마워 그럼 이따 봐",0,"{'conversation_type': 'casual_normal', 'relationship': '동료', 'context': '점심 회비 계산 및 나누기', 'tone': '편안함', 'topic': '점심 회비 정산', 'emotion': '즐거움', 'call_environment': '조용한 실내', 'participants': ['오예원', '전아린']}",동료와 점심 회비 정산,동료,점심 회비 계산 및 나누기,
"어 나야
어 무슨 일이야
점심 먹은 거 회비 계산하려고
아 맞다 깜빡했네
오늘 총 얼마 나왔어
음 십사만 원 나왔어 아마
그럼 우리 둘이니까 반반 나누면 되겠네
맞아 그래서 너한테 칠만 원 보내면 돼
오케이 내가 지금 계좌로 보낼게
고마워 근데 이번에는 내가 더 먹은 것 같아서 다음에는 내가 조금 더 낼게
아니야 괜찮아 다음에 또 같이 먹자
그래 그럼 다음에 봐
응 수고해",0,"{'conversation_type': 'casual_normal', 'relationship': '동료', 'context': '점심 회비 정산', 'tone': '편안함', 'topic': '점심 회비 계산 및 나누기', 'emotion': '즐거움', 'call_environment': '조용한 실내', 'participants': ['송태윤', '양지호']}",동료와 점심 회비 정산,동료,점심 회비 계산 및 나누기,
"어 지금 밖인데 잘 들려
응 잘 들려 무슨 일이야
그게 말이야 학자금 대출 때문에 좀 고민이 돼
어 그거 갚을 계획 아직 안 세웠어
맞아 그래서 이번 달부터 어떻게 할지 정해야 할 것 같아
음 그럼 우선 월마다 얼마씩 갚을 건지 정하는 게 좋지 않을까
그러니까 지금 일도 하고 있으니까 가능할 것 같아
맞아 나도 그렇게 생각했어
그리고 혹시 여유 자금 생기면 추가로 더 넣어도 되고
그래 그렇게 하면 이자도 줄어들겠지
그래도 혹시 모르니까 상황 봐가면서 조절하면 좋을 것 같아
응 그럼 그렇게 해보자
알았어 그럼 집에 가서 더 얘기해보자
그래 좀 있다가 봐",0,"{'conversation_type': 'casual_normal', 'relationship': '가족', 'context': '대출 상환 계획 및 방법 논의', 'tone': '공손함', 'topic': '학자금 대출', 'emotion': '걱정', 'call_environment': '실외', 'participants': ['송하준', '송지훈']}",부모님과 학자금 대출 상담,가족,대출 상환 계획 및 방법 논의,
"여보세요
어 지금 걷는 중이야
아 바빠 보이네 괜찮아 시간 돼
응 조금 걸으면서 얘기해도 돼 무슨 일이야
그게 말이야 다음 주에 학자금 상환 관련해서 은행에 가려는데 같이 갈 수 있어
어 좋지 내가 같이 가면 조금 도움 될 것 같아
고마워 그럼 그날에 시간 맞춰서 같이 가자
응 알았어 일정 정리해볼게
그러면 상환 방법은 어떻게 할 계획이야
아직 고민 중이야 월별로 할지 한꺼번에 할지
음 월별로 하면 부담이 덜하지 않겠어
맞아 그게 나을 것 같기도 해
여유 있게 상환하는 게 중요한데 말이야
고마워 정말 많은 도움 돼
걱정 마 그리고 나중에 만나는 것도 잊지 말자
그래 그럼 주말에 보자
응 안전하게 걷고 나중에 전화할게
알았어 고마워 나중에 봐",0,"{'conversation_type': 'casual_normal', 'relationship': '가족', 'context': '대출 상환 계획 및 방법 논의', 'tone': '공손함', 'topic': '학자금 대출 상담', 'emotion': '진지함', 'call_environment': '이동 중', 'participants': ['유하늘', '임우빈']}",부모님과 학자금 대출 상담,가족,대출 상환 계획 및 방법 논의,
"야 뭐해
어 지금 버스 타고 가는 중이야
그래 나도 걷는 중인데 같이 얘기 좀 하자
그러자 그래서 장비 구입비 좀 나눠야 되잖아
맞아 내가 계산해보고 말하려 했는데
얼마쯤 나올 것 같아
음 내가 계산한 거로는 대충 삼십만 원 정도 될 것 같아 반반 나누면 되네
어 그럼 일단 각자 십오만 원씩 보내면 되겠네
응 맞아 계좌번호 좀 보내줘
그래 내가 카톡으로 보낼게
고마워 그럼 나중에 만나서 장비 쓰자
그래 그때 보자
조심히 가
어 너도 잘 가",0,"{'conversation_type': 'casual_normal', 'relationship': '친구', 'context': '공동 장비 구매 비용 나누기', 'tone': '편안함', 'topic': '장비 구입비 분담', 'emotion': '즐거움', 'call_environment': '이동 중', 'participants': ['차유준', '유준호']}",친구와 장비 구입비 분담,친구,공동 장비 구매 비용 나누기,
"야 뭐해
어 나 집이야
다름이 아니라 우리 장비 산 거 있잖아
아 그거 지금 얘기해 볼까 했는데
우리가 같이 썼으니까 반반 나누자
어 나도 그 생각했어 얼마였지
기억하기로 20만원이었는데
그럼 10씩 내면 되겠네
응 괜찮아 지금 보낼까
어 그래 계좌 불러줘
잠깐만 문자로 보낼게
오케이 확인했어
고마워 다음에 만날 때 얘기하자
그래 나중에 봐",0,"{'conversation_type': 'casual_normal', 'relationship': '친구', 'context': '공동 장비 구매', 'tone': '편안함', 'topic': '장비 구입비 분담', 'emotion': '편안함', 'call_environment': '조용한 실내', 'participants': ['주도훈', '허예은']}",친구와 장비 구입비 분담,친구,공동 장비 구매 비용 나누기,
"안녕하세요 은행인데요
네 안녕하세요 혹시 계좌 수수료랑 조건 좀 확인하고 싶어서요
어떤 계좌를 말씀하시는 건가요
저기 예금 계좌요 수수료가 어떻게 되는지 알고 싶어요
예금 계좌의 경우 기본 수수료는 월 1천 원인데요 일정 조건 충족 시 면제가 가능합니다
조건이 뭐예요
월 거래 횟수가 10회 이상이거나 보유 잔액이 5백만 원 이상이면 면제됩니다
아 그러면 현재 제 계좌도 해당되나요
네 고객님 최근 거래를 보면 조건을 충족하고 있습니다 그래서 수수료는 면제되실 거예요
아 감사합니다 그럼 다른 문의는 없고요
알겠습니다 궁금한 사항이 있으시면 언제든 문의해 주세요
네 고맙습니다",0,"{'conversation_type': 'casual_normal', 'relationship': '고객-은행직원', 'context': '계좌 수수료와 조건 확인', 'tone': '정중함', 'topic': '수수료 문의', 'emotion': '중립', 'call_environment': '조용한 공공장소', 'participants': ['안승민', '성연우']}",은행 수수료 문의,고객-은행직원,계좌 수수료와 조건 확인,
"안녕하세요 거기 은행 맞죠
네 고객님 무엇을 도와드릴까요
제가 지금 계좌 수수료와 조건에 대해 좀 알아보려고 하는데요
아 네 어떤 계좌에 대해 궁금하신가요
그 일반 예금 계좌 말이에요
아 그렇군요 일반 예금 계좌는 기본적으로 월 10회 이체까지는 무료입니다 그 후에는 건당 500원이 부과됩니다
아 그렇군요 그리고 인터넷 뱅킹 수수료는 어떻게 되나요
인터넷 뱅킹은 모든 이체가 무료입니다
오 좋네요 다른 조건도 혹시 있나요
현재 유지 조건은 없고 별도 유지비도 없습니다
아 알겠습니다 감사합니다
네 더 궁금한 점 있으시면 언제든지 문의 주세요",0,"{'conversation_type': 'casual_normal', 'relationship': '고객-은행직원', 'context': '계좌 수수료와 조건 확인', 'tone': '정중함', 'topic': '수수료 및 조건 문의', 'emotion': '정중함', 'call_environment': '조용한 실내', 'participants': ['최서우', '윤서린']}",은행 수수료 문의,고객-은행직원,계좌 수수료와 조건 확인,
"야 뭐해
어 지금 집에 있어
다음 주에 외식하자고 했잖아
아 맞다 근데 어디로 가지
음 그거 생각해봤는데 우리 예산이 어떻게 될까 싶어서
일단 한 사람당 만 원 정도 생각하고 있었어
그럼 한 삼만 원 정도로 괜찮을까
오케이 그럼 그 정도 예산으로 어디 좋은데 있나 찾아보자
어떤 종류 음식이 좋을까
나는 한식이나 양식 생각하고 있었어
좋아 그럼 검색해서 괜찮은 데 있으면 공유해
오케이 그럼 곧 다시 얘기하자
알겠어 나중에 봐",0,"{'conversation_type': 'casual_normal', 'relationship': '친구', 'context': '외식 비용 계획', 'tone': '협조적', 'topic': '외식 예산', 'emotion': '즐거움', 'call_environment': '조용한 실내', 'participants': ['허승우', '차지우']}",친구와 외식 예산 계획,친구,외식 비용 미리 계획,
"야 점심 먹을 때 어디로 갈까
이 근처 조용한 데 알아봤어
어디 어디
음 요즘 새로 생긴 카페도 좋고 아니면 전통 음식점도 괜찮아
가격은 어때
카페는 한 15000원 정도 나올 테고 전통 음식점은 20000원까지 생각하면 될 거 같아
오케이 그럼 카페로 하자 가벼워 보이네
응 나도 그게 좋을 것 같아 조용히 얘기하기도 좋잖아
그렇지 그럼 예약해볼까
그래 요즘 미리 예약하면 더 편하더라
그럼 지금 당장 해 놓을게
응 알았어 기다릴게",0,"{'conversation_type': 'casual_normal', 'relationship': '친구', 'context': '외식 비용 미리 계획', 'tone': '협조적', 'topic': '외식 예산 계획', 'emotion': '즐거움', 'call_environment': '조용한 공공장소', 'participants': ['조재원', '한소윤']}",친구와 외식 예산 계획,친구,외식 비용 미리 계획,
"어 어디야 지금
응 나 지금 밖에 나와 있어
다과 비용 어떻게 할지 정리하려고
아 맞다 회사 카드로 계산했었지
응 그거 나누기로 했잖아
그럼 총 비용이 얼마였더라
한 5만원 정도였던 것 같아
아 그래 그럼 반반씩 하면 되겠다
응 한 2만5천원씩 하면 되겠네
좋아 그럼 내가 다음에 점심 사줄게
아 좋지 그럼 다음 회의 때는 내가 다과 준비할게
음 좋아 그럼 그렇게 하자
알았어 그럼 이따 봐
그래 나중에 봐
날씨 좋다
그러게 밖에 나오니까 좋네",0,"{'conversation_type': 'casual_normal', 'relationship': '동료', 'context': '회의 다과 비용 분담', 'tone': '편안함', 'topic': '다과 비용 분배', 'emotion': '즐거움', 'call_environment': '실외', 'participants': ['손라윤', '구채윤']}",동료와 회의 다과 비용 분담,동료,회의 다과 비용 계산 및 분배,
"어 거기 괜찮아
아 지금 버스 타고 가는 중이야 조금 시끄러울 수도 있는데
아무튼 회의 다과 비용 얘기하려고
맞아 그거 말인데 얼마 나왔지
전체 다 해서 오만원 정도였던 거 같은데
음 그러면 우리 반반으로 나누면 되지 않을까
응 그럼 내가 이만오천원 너한테 보내면 될 거 같아
좋아 계좌번호 알려주면 바로 보낼게
어 그러면 나중에 만나서 처리할까
그래 그럼 점심시간에 잠깐 보자
알았어 안녕",0,"{'conversation_type': 'casual_normal', 'relationship': '동료', 'context': '회의 다과 비용 계산 및 분배', 'tone': '편안함', 'topic': '비용 분담', 'emotion': '즐거움', 'call_environment': '이동 중', 'participants': ['강서하', '강지민']}",동료와 회의 다과 비용 분담,동료,회의 다과 비용 계산 및 분배,
"안녕하세요 선생님 지금 통화 괜찮으세요
어 그래 무슨 일이야
저 장학금 신청하려고 하는데요 조건이 어떻게 되나요
음 지금 귀찮게 해서 미안한데 지원 자격이 어떻게 되지
어 그러니까 성적이랑 출석률이 좋아야 하는데 자세한 건 학원 홈페이지에 올라가 있을 거야
아 그러면 홈페이지에서 확인하면 되겠네요
응 좀 더 궁금한 거 있으면 다시 연락해줘
네 그럼 그렇게 할게요 감사합니다
그래 밖에서 전화 받는 거야 어디야
네 밖인데 바람이 좀 불고 있어서요
알겠어 그럼 나중에 또 얘기하자
네 고맙습니다",0,"{'conversation_type': 'casual_normal', 'relationship': '학생-학원', 'context': '장학금 신청 및 조건 확인', 'tone': '공손함', 'topic': '장학금 문의', 'emotion': '궁금함', 'call_environment': '실외', 'participants': ['민시우', '민지우']}",학원 강사에게 장학금 문의,학생-학원,장학금 신청 및 조건 확인,
"안녕하세요 선생님 지금 통화 괜찮으세요
네 괜찮습니다 무슨 일이세요
장학금 신청에 대해서 궁금한 게 있어서요
아 네 어떤 점이 궁금한가요
조건이 어떻게 되는지 알고 싶어서요
좋습니다 성적이 평균 이상이어야 하고 출석도 80퍼센트 이상이어야 해요
아 그렇군요 제가 성적은 괜찮은데 출석이 좀 걱정이에요
출석이 조금 모자라도 좋은 평가를 받으면 괜찮을 수 있으니 걱정 마세요
감사합니다 그럼 신청은 어떻게 하면 되나요
홈페이지에서 신청서 작성하시고 제출하시면 됩니다
알겠습니다 고맙습니다 선생님
조용히 해야 돼서 이만 끊을게요 나중에 더 궁금한 거 있으면 연락 주세요
네 감사합니다 나중에 문의드릴게요",0,"{'conversation_type': 'casual_normal', 'relationship': '학생-학원', 'context': '장학금 신청 및 조건 확인', 'tone': '공손함', 'topic': '장학금 문의', 'emotion': '배려', 'call_environment': '조용한 공공장소', 'participants': ['성서희', '심민재']}",학원 강사에게 장학금 문의,학생-학원,장학금 신청 및 조건 확인,
"야 뭐해
나 지금 밖에 나와 있어
그래 나도 밖인데 지금 바람 불어
어제 영화 재미있었지
진짜 대박이었지 완전 좋았어
그나저나 우리 영화 관람료 계산해야 하지 않냐
맞다 그거 어떻게 할까
내가 볼 때는 그냥 반반 나누자
오케이 좋지 그게 제일 깔끔하네
그래서 얼마였더라 어 잠깐만 계산해볼게
응 기다릴게
음 전체 2만 4천원 나왔으니까 1만 2천원씩 하면 되겠다
오케이 그럼 내가 너한테 입금할게
좋아
알았어 연락해
응 그래 나중에 봐",0,"{'conversation_type': 'casual_normal', 'relationship': '친구', 'context': '영화 관람료 계산', 'tone': '편안함', 'topic': '영화 관람 비용 나누기', 'emotion': '즐거움', 'call_environment': '실외', 'participants': ['김지안', '권재원']}",친구와 영화 관람 비용 나누기,친구,영화 관람료 계산,
"야 영화 진짜 재밌었지
어 완전 재밌었어
그런데 우리 저번에 약속한 대로 반반 나눠 내자
음 좋지 그럼 얼마였더라
티켓 값이랑 팝콘 해서 이만원 나왔어
그럼 나 만원 보내면 되네
응 맞아 계좌 알려줄까
아니야 나 예전에 보내준 거 저장해놨어 바로 보낼게
오케이 그럼 확인해볼게
보내졌어 진짜 오늘 재미있었다
맞아 다음에 또 보러 가자
그래 그럼 잘 있어
안녕",0,"{'conversation_type': 'casual_normal', 'relationship': '친구', 'context': '영화 관람료 계산', 'tone': '편안함', 'topic': '영화 관람 비용 나누기', 'emotion': '즐거움', 'call_environment': '조용한 실내', 'participants': ['임현서', '김현서']}",친구와 영화 관람 비용 나누기,친구,영화 관람료 계산,
"어 지금 잠깐 통화 가능해
어 들려 근데 여긴 좀 시끄러워
음 괜찮아 그냥 바로 얘기할게
응 무슨 일이야
저기 있잖아
응 말해봐
요번에 갑자기 지출이 좀 생겼어
어 괜찮아 무슨 일인데
급하게 돈이 좀 필요해서 말야
얼마나 필요한데
음 한 이백쯤 필요한데
그래 알았어 어디로 보내줄까
고마워 정말 큰일 날 뻔했어
아냐 뭘 그런 걸로 그래도 조심해야지
응 맞아 다음엔 더 신경 쓸게
알았어 보내줄게 연락할게
고마워 정말로
응 그럼 조심히 있고 또 연락해",0,"{'conversation_type': 'casual_normal', 'relationship': '가족', 'context': '생활비 긴급 요청', 'tone': '조심스러움', 'topic': '갑작스러운 지출 지원 요청', 'emotion': '걱정', 'call_environment': '시끄러운 실내', 'participants': ['남승우', '성예서']}",가족과 생활비 긴급 요청,가족,갑작스러운 지출 지원 요청,
"어 안녕하세요
어 그래 잘 지내
저기 말인데 내가 급하게 좀 부탁할 게 있어서
무슨 일이야
갑자기 생활비가 좀 부족해져서 그러는데 좀 도와줄 수 있을까
얼마나 필요한데
음 그래서 말이야 50만 원 정도 필요한데 괜찮을까
그래 알겠어 바로 송금할게
고마워 그럼 나중에 꼭 갚을게
별말을 다해 서로 돕는 거지
맞아 진짜 고마워
다른 건 문제 없어
응 다 괜찮아 고마워
알겠어 그럼 나중에 또 연락하자
응 그래 연락할게",0,"{'conversation_type': 'casual_normal', 'relationship': '가족', 'context': '긴급 생활비 지원 요청', 'tone': '조심스러움', 'topic': '생활비', 'emotion': '고마움', 'call_environment': '조용한 실내', 'participants': ['유서연', '조주호']}",가족과 생활비 긴급 요청,가족,갑작스러운 지출 지원 요청,
"야 뭐해
어 지금 도서관에 있어 조용히 말해야 돼
그래서 이번에 우리 여행 경비 정산해야 하는데
맞아 다들 즐거웠지
응 대박 재밌었어
그러면 내가 전부 리스트 만들었거든
오케이 그리고 나중에 엑셀로 정리해서 보내줄게
좋아 그럼 내가 먼저 일부 금액 보낼게
음 그럼 나머지는 내가 할게
응 그럼 고마워
알겠어 확인하면 연락해줘
응 나중에 또 보자",0,"{'conversation_type': 'casual_normal', 'relationship': '친구', 'context': '여행 경비 정산', 'tone': '편안함', 'topic': '여행 후 비용 정산', 'emotion': '즐거움', 'call_environment': '조용한 공공장소', 'participants': ['신서윤', '임유나']}",친구와 여행 경비 정산,친구,여행 후 비용 정산,
"야 뭐해
어 나 지금 밖이야 바람 좀 불어
아 밖이야 어디 갔다 왔어
아니 그냥 잠깐 산책 나왔어 근데 있잖아 저번 여행 때 쓰던 경비 정산해보려고
아 그래 좋지 얼마 나왔어
음 그러니까 내가 대충 계산해봤는데 어딜 갔더라 거기 뭐지 아 맞다 그 바베큐장
아 대박 거기 진짜 좋았지
그치 거기에서 한 사람당 삼만 원 정도 나왔고 그다음에 숙소 비용이 1/n 하면 오만 원이더라
오 생각보다 별로 안 나왔네 괜찮은 거 같은데
맞아 그리고 나머지 식대랑 교통비 해서 총 십만 오천 원씩 내면 될 것 같아
오 좋네 그럼 내가 네 계좌로 보내면 되는 거지
응 맞아 괜찮으면 이번 주까지 보내줘 히히
오케이 알겠어 이번 주말에 시간 어떰 다시 모일래
그래 좋지 연락할게 언제든 편하게 불러
좋아 그럼 연락할게 밖에서 얼른 들어가 길 조심하고
알겠어 너도 조심히 들어가 나중에 봐
어 그래 나중에 봐",0,"{'conversation_type': 'casual_normal', 'relationship': '친구', 'context': '여행 경비 정산', 'tone': '편안함', 'topic': '여행 후 비용 정산', 'emotion': '즐거움', 'call_environment': '실외', 'participants': ['민승우', '민예진']}",친구와 여행 경비 정산,친구,여행 후 비용 정산,
"안녕하세요
어 나야
출장 경비 정리하려고 하는데 잠시 얘기할 수 있어
응 괜찮아 지금 사무실이야
다행이다 업무 때 쓴 카드 영수증들은 다 모아놨지
응 다 모아놨어 나중에 스캔해서 보내줄게
좋아 그럼 내가 이번에 정산 양식 작성해서 공유할게
그래 좋아 그럼 다음주 월요일에 한번 다 같이 모여서 마무리하자
응 월요일 오전에 시간 괜찮으면 그때 확인하자
오케이 그때 보자
고마워 연락할게",0,"{'conversation_type': 'casual_normal', 'relationship': '동료', 'context': '출장 비용 및 정산 방법 논의', 'tone': '협조적', 'topic': '출장 경비 정산', 'emotion': '중립', 'call_environment': '조용한 실내', 'participants': ['신시연', '최하율']}",동료와 업무 관련 지출 공유,동료,출장 비용 및 정산 방법 논의,
"어 지금 시간 괜찮아
어 괜찮아 무슨 일이야
출장 다녀오고 나서 비용 정산해야 하잖아
아 맞다 그거 어떻게 할 거야
지금 비용 정리 중인데 나중에 공유할게
오케이 나는 교통비랑 숙박비 정리해둬야겠다
그렇게 하면 좋을 것 같아
우리 회사 시스템에 올리면 되지
응 맞아 서로 올리고 나중에 확인해보자
그래 그럼 나중에 봐",0,"{'conversation_type': 'casual_normal', 'relationship': '동료', 'context': '출장 비용 및 정산', 'tone': '협조적', 'topic': '출장 비용 정산', 'emotion': '협조적', 'call_environment': '조용한 실내', 'participants': ['신재원', '안지원']}",동료와 업무 관련 지출 공유,동료,출장 비용 및 정산 방법 논의,
"야 너 지금 어디야
지금 카페야 여긴 좀 시끄럽네
아 그래 그럼 잠깐만 밖으로 나가서 말해봐
어 잠깐만 기다려 어 이제 좀 나은 것 같아
오케이 너 그 행사 비용 얘기하려고 했잖아
응 맞아 가족 행사 때문에 조금 신경 쓰이긴 하는데
그러게 근데 우리 둘이서 반반 나누면 되지 않을까
응 그게 제일 맞는 것 같아 근데 혹시 부담되면 말해
아니 괜찮아 우리 가족이니까 서로 이렇게 도우면 좋지 뭐
하하 맞아 그래서 준비는 어떻게 하고 있어
나도 지금 다 준비 중인데 조금 더 챙길 거 같아
오 그렇구나 그러면 난 다른 거 도와줄 거 없을까
음 그럼 음료수 같은 거 조금 더 챙겨주면 좋겠어
그래 알았어 내가 그걸로 준비할게
고마워 너 덕분에 수월하게 할 수 있을 거야
하하 나중에 커피 한잔 사줘 아 그리고 뭐 더 필요한 거 있으면 언제든 말해
응 진짜 고마워 다음에 봐
그래 연락할게",0,"{'conversation_type': 'casual_normal', 'relationship': '가족', 'context': '행사 비용 조율', 'tone': '협조적', 'topic': '가족 행사', 'emotion': '즐거움', 'call_environment': '시끄러운 실내', 'participants': ['박가은', '곽시연']}",친척과 행사 비용 조율,가족,가족 행사 비용 분담,
"어 너 요즘 잘 지내
응 잘 지내고 있어 너는
나도 잘 지내 크크 근데 말이야 우리 큰아버지 환갑잔치 있잖아
아 맞다 그거 어떤 일이야
거기 시끄럽네 잘 안 들리는데
아 미안 카페에 있어서 음 잠깐 소리 나는 데서 좀 멀어질게
오케이 됐어 이제 잘 들려
어 그래서 이번에 비용 분담 해야 하나 봐
맞아 그게 이번엔 우리끼리 조금씩 나눠서 하기로 했대
음 그럼 어느 정도가 적당할까
일단 전체 예산이 정해져서 각자 20만 원 정도면 될 것 같아
괜찮을 것 같은데 하긴 형편이 제일 중요하니까
응 어머니도 그렇게 말씀하셨어 부담이 가는 금액이면 좀 줄일 수도 있다고 하고
알았어 그럼 그렇게 하자 나도 준비해볼게
오케이 그러면 다들 모일 때 같이 더 얘기하자
알겠어 카페 소리 덜한 데서 전화해줘서 고마워
크크 알았어 다음엔 조용한 곳에서 할게",0,"{'conversation_type': 'casual_normal', 'relationship': '가족', 'context': '가족 행사 비용 조율', 'tone': '협조적', 'topic': '행사 비용 분담', 'emotion': '협조적', 'call_environment': '시끄러운 실내', 'participants': ['차예은', '차하민']}",친척과 행사 비용 조율,가족,가족 행사 비용 분담,
"안녕하세요 지금 괜찮으세요
네 괜찮아요
이번 달 공과금 나왔는데 같이 얘기해보려고요
네 좋아요 어떻게 나왔어요
전기요금은 지난달보다 조금 올랐고 나머지는 비슷해요
그럼 전기요금은 어떻게 나누면 좋을까요
전에 하던 대로 반반 나눌까요 그게 제일 공평할 것 같아요
네 반반으로 괜찮아요
수도랑 가스비는 지난번처럼 나누면 될까요
네 그렇게 하면 될 것 같아요
그럼 이번 주말에 만나서 정리할까요
네 주말에 보면 좋겠네요
그럼 그때 봬요 감사합니다
네 감사합니다 조용히 해야 해서 이만 끊을게요",0,"{'conversation_type': 'casual_normal', 'relationship': '세입자-집주인', 'context': '공과금 분배 논의', 'tone': '협조적', 'topic': '전기/수도/가스 비용 분담', 'emotion': '협조적', 'participants': ['한지현', '김도훈'], 'call_environment': '조용한 공공장소'}",세입자와 공과금 분배 논의,세입자-집주인,전기/수도/가스 비용 분담,
"어 지금 걷는 중이야 그래서 조금 숨차네
어 괜찮아 천천히 말해
다름이 아니라 이번 달 공과금 분담에 대해서 이야기해보려고
아 그거 나도 이야기하고 싶었어 이번 달 많이 나왔더라
그니까 전기 요금이 많이 나왔더라고 에어컨 때문인가
맞아 더웠으니까 에어컨 많이 틀었잖아 그럼 반반씩 나누는 거야
응 반반씩 나누면 될 것 같아 그리고 수도 요금은 어떻게 할까
수도는 내가 주로 사용해서 이번엔 내가 조금 더 낼게 괜찮아
아 그래 고마워 그럼 가스 요금도 비슷하게 나누면 되겠다
그래 그럼 이번 달은 그렇게 정리하자 다음 달에도 비슷하게 나오겠지
아마도 그렇게 될 것 같아 그럼 정산은 언제 하면 돼
이번 주 안으로 하면 좋을 것 같은데
오케이 그럼 집에 가면 바로 준비할게
알았어 그럼 집에 도착해서 연락 줘
응 그럴게 조심히 가",0,"{'conversation_type': 'casual_normal', 'relationship': '세입자-집주인', 'context': '전기/수도/가스 비용 분담', 'tone': '협조적', 'topic': '공과금 분담', 'emotion': '협조', 'call_environment': '이동 중', 'participants': ['남민서', '이하영']}",세입자와 공과금 분배 논의,세입자-집주인,전기/수도/가스 비용 분담,
"야 뭐해
지금 버스 타고 가는데 너는
나도 이동 중이야 여기 시끄러워 하하
그거 있잖아 학원비 환불 얘기
맞아 연락해봤어
그래서 얼마 나온대
이번 달 수강료는 전액 환불된대
오 좋다 생각보다 빨리 해결됐네
그래서 같이 다음에 뭐 다른 거 할래
응 좋은 생각이네 다음에 언제 만나서 얘기할까
너 바쁜 날 없어
음 토요일 좀 괜찮아
그럼 토요일 점심 어때
오케이 그럼 그때 보자
응 알았어 나중에 연락해",0,"{'conversation_type': 'casual_normal', 'relationship': '친구', 'context': '약속 잡기', 'tone': '편안함', 'topic': '학원비 환불', 'emotion': '즐거움', 'call_environment': '이동 중', 'participants': ['이예원', '배시윤']}",친구와 학원비 환불 상담,친구,공동 수강 취소 후 환불 금액 확인,
"야 거기 조용해
응 지금 도서관이야
학원비 환불 얘긴데 얼마 받았어
어 맞다 그거 얼마였더라 음 한 25만 원이었던 것 같아
오 다행이네 생각보다 많이 받네
그러게 어차피 취소했으니까 좋지
다음에 다른 데 같이 다녀도 좋을 것 같아
좋지 다음엔 조금 더 싼 데로 알아보자
그래 알았어 그럼 나중에 봐
응 연락할게",0,"{'conversation_type': 'casual_normal', 'relationship': '친구', 'context': '약속 잡기', 'tone': '편안함', 'topic': '환불 금액 확인', 'emotion': '즐거움', 'call_environment': '조용한 공공장소', 'participants': ['서은우', '서다현']}",친구와 학원비 환불 상담,친구,공동 수강 취소 후 환불 금액 확인,
"안녕하세요 대출 상담 좀 하려고요
네 말씀하세요
그 대출 상환 일정이 궁금해서요
혹시 생년월일 뒤 4자리를 말씀해주실 수 있을까요 본인 확인을 위해서요
아 네 0315입니다
확인되었습니다 다음 달 15일에 자동 이체될 예정입니다
아 그렇군요 금액은 변동 없나요
네 동일하게 진행될 겁니다
알겠습니다 감사합니다
네 필요하신 사항 있으면 언제든지 연락 주세요
네 알겠습니다 수고하세요
감사합니다 좋은 하루 되세요",0,"{'conversation_type': 'casual_normal', 'relationship': '고객↔은행직원', 'context': '대출 상환 계획', 'tone': '정중함', 'topic': '대출 상환 일정 확인', 'emotion': '편안함', 'call_environment': '조용한 실내', 'participants': ['권서희', '서지민']}",은행 대출 상환 계획,고객-은행직원,대출 상환 일정 확인,
"안녕하세요 대출 상환 일정 확인하고 싶어서요
네 고객님 조회해드리겠습니다 잠시만 기다려 주세요
고맙습니다
확인되었습니다 고객님 대출 상환 일정은 매달 15일이며 다음 분할 납부는 다음 달 15일에 예정되어 있습니다
아 그렇군요 상환 금액은 어떻게 되나요
다음 납부 금액은 원금과 이자를 포함하여 50만원입니다
알겠습니다 정확하게 이체할게요 혹시 조정이 가능한가요
안타깝지만 현재는 설정된 일정으로 진행되어야 합니다 변경사항이 생기면 연락드릴게요
네 알겠어요 감사합니다
네 감사합니다 좋은 하루 보내세요",0,"{'conversation_type': 'casual_normal', 'relationship': '고객-은행직원', 'context': '대출 상환 일정 확인', 'tone': '정중함', 'topic': '대출 상환 계획', 'emotion': '중립적', 'call_environment': '조용한 공공장소', 'participants': ['박하린', '황유찬']}",은행 대출 상환 계획,고객-은행직원,대출 상환 일정 확인,
"어 엄마 지금 카페라 조금 시끄러워서 잘 들려
어 들린다 무슨 일 있어
저기 말인데 이번 달 생활비가 좀 부족해서 지원 좀 부탁드리려고
음 그래 알았어 얼마나 필요하니
한 20만 원 정도면 될 것 같아
아 그래 그러면 이번 주말에 보내줄게
고마워 엄마 덕분에 맘이 좀 편해졌다
잘 지내고 있는 거지 또 필요한 거 있으면 얘기해
응 그래도 부모님 덕분에 잘 지내고 있어 너무 고마워
그래 알았어 다음에 또 연락해
응 엄마 고마워 그럼 나중에 웃고 즐겁게 얘기하자
응 잘 보내고 연락할게 사랑해
응 고마워 엄마 나중에 봬
그래 조심히 다녀",0,"{'conversation_type': 'casual_normal', 'relationship': '가족', 'context': '월간 생활비 지원 요청', 'tone': '조심스러움', 'topic': '생활비 요청', 'emotion': '조심스러움', 'call_environment': '시끄러운 실내', 'participants': ['주현민', '황하연']}",부모님께 생활비 지원 요청,가족,월간 생활비 지원 요청,
"여보세요
어 나야
어디야
여기 카페라 좀 시끄러워
아 그렇구나
저기 말인데 이번 달도 생활비 좀 도와줄 수 있어
음 알았어 이번에도 얼마나 필요해
저번이랑 비슷하게 부탁할게
그럼 이번 주말에 보내줄게
고마워 정말 큰 도움 돼
너무 걱정하지 말고 필요한 거 있으면 언제든 말해
알겠어 고마워 그럼 카페 시끄럽지 나중에 통화하자
그래 나중에 봐",0,"{'conversation_type': 'casual_normal', 'relationship': '가족', 'context': '월간 생활비 지원 요청', 'tone': '조심스러움', 'topic': '생활비 지원', 'emotion': '조심스러움', 'call_environment': '시끄러운 실내', 'participants': ['안지호', '홍세은']}",부모님께 생활비 지원 요청,가족,월간 생활비 지원 요청,
"야 뭐해
나 지금 집이야 너는
나도 집인데 말이야 우리 지난번 간식 살 때 얼마였지
음 그게 내가 기억하기로는 삼만오천원이었을 거야
그럼 각자 만오천원이랑 오천원씩 내면 되겠다 하하
맞네 내가 이번에 계좌로 보내줄게
고마워 언제 또 간식 사러 가자
오케이 다음에 같이 가자 그럼
응 그때 맛있는 거 또 사자 하하
좋아 나중에 봐
응 연락할게",0,"{'conversation_type': 'casual_normal', 'relationship': '친구', 'context': '간식 구매 비용 계산', 'tone': '편안함', 'topic': '간식 비용 나누기', 'emotion': '즐거움', 'call_environment': '조용한 실내', 'participants': ['김하준', '노준호']}",친구와 간식 비용 나누기,친구,간식 구매 비용 계산,
"야 뭐해 지금
어 나 지금 버스 타고 가는데 왜
아 다름이 아니라 저번에 같이 먹었던 간식비 계산해야 할 것 같아서
아 맞다 그때 내가 좀 많이 먹었지 하하 얼마였어
총 2만원 나왔는데 말이야 반반씩 부담할까
어 좋아 그렇게 하자 내가 집에 도착하면 바로 보낼게
오케이 그럼 도착하면 연락 줘
응 알았어 그럼 이따 봐
어 그래 버스 탈 때 조심하고
응 알겠어 나중에 봐",0,"{'conversation_type': 'casual_normal', 'relationship': '친구', 'context': '간식 비용 계산', 'tone': '편안함', 'topic': '간식 구매 비용 나누기', 'emotion': '즐거움', 'call_environment': '이동 중', 'participants': ['허하린', '곽재원']}",친구와 간식 비용 나누기,친구,간식 구매 비용 계산,
"어 건우야 출장비 정산 좀 얘기해보려고
그래 어쩌지 요즘 어떻게 하면 좋을까
음 바람 부네 지금 밖에 나와 있나 보네
맞아 평소처럼 처리하면 되지 않을까 싶어
그러니까 그거 알아봐야 할 것 같아서
어 오케이 그러면 영수증은 어떻게 할까
음 일단 모아서 제출하는 게 낫지 않을까
그럼 회사 들어가면 한꺼번에 제출하자
좋아 그러면 일단 내가 모아볼게
고마워 그럼 다음 출장 계획도 잡아야 하네
그러게 그러면 나중에 또 얘기하자
알았어 그럼 조심히 들어가
응 너도 나중에 봐",0,"{'conversation_type': 'casual_normal', 'relationship': '동료', 'context': '출장비 정산', 'tone': '협조적', 'topic': '출장 후 비용 정산 방법 논의', 'emotion': '협조', 'call_environment': '실외', 'participants': ['남소율', '문건우']}",동료와 출장비 정산,동료,출장 후 비용 정산 방법 논의,
"어 나야 출장비 정산 때문에 얘기 좀 하려고
응 그래 어떻게 할까
출장 다녀온 것 계산서 정리했어 몇 가지 확인하려고
아직 다 안 했는데 그럼 나한테 파일 보내주면 내가 확인할게
어 그럼 이번 주말까지 할게
그래 고마워
출장비 카드로 결제한 것들도 맞춰볼게
응 잘 부탁해
다음 주 업무 계획도 같이 얘기해보자
음 좋아 그럼 주중에 한번 모여서 얘기해
오케이
알았어 연락할게",0,"{'conversation_type': 'casual_normal', 'relationship': '동료', 'context': '출장비 정산 방법 논의', 'tone': '협조적', 'topic': '출장 비용 정산', 'emotion': '협조적', 'call_environment': '조용한 실내', 'participants': ['주재원', '정하준']}",동료와 출장비 정산,동료,출장 후 비용 정산 방법 논의,
"있잖아 지금 카페인데 좀 시끄러워서 잘 안 들릴지도 몰라
어 그래도 괜찮아 일단 말해봐
저기 그 병원비 어떻게 나누면 좋을까 해서
음 그니까 나도 좀 보태야지 인제 어떻게 할까
우리 다 같이 나누는 게 좋지 않을까 나도 조금씩 가능해
오 그럼 잘 됐다 내가 반 정도 부담할 테니까 나머지는 나눠서 하자
그래 그게 좋을 것 같아 이번 달까지 해결하면 되지
어 맞아 이번 달 말에 다 같이 해결하자
알았어 그럼 나중에 정확한 금액 알려주면 될 것 같아
알겠어 연락해줄게 그럼 이따가 봐
그래 나중에 얘기해
응 나중에 봐",0,"{'conversation_type': 'casual_normal', 'relationship': '가족', 'context': '의료비 분담', 'tone': '협조적', 'topic': '가족 병원비 분담 논의', 'emotion': '협력적', 'call_environment': '시끄러운 실내', 'participants': ['성채원', '고주하']}",가족과 의료비 분담,가족,가족 병원비 분담 논의,"['성채원', '고주하']"
"여보세요
어 어 여기 카페야 좀 시끄럽지
아 괜찮아 잘 들려
저기 말인데 이번에 병원비 어떻게 할까
그게 말이야 나도 고민 중이야
지난번처럼 반씩 내면 될까
어 나는 그게 괜찮아 네가 무리하지 않으면
아니 그 정도는 할 수 있어
좋아 그럼 날짜 잡아서 낼까
어 좋아 다음 주 초는 어때
딱 좋아 그때 만나서 얘기하자
그래 알겠어 그때 보자
응 끊을게 조심해서 들어가고",0,"{'conversation_type': 'casual_normal', 'relationship': '가족', 'context': '병원비 분담', 'tone': '협조적', 'topic': '의료비 분담', 'emotion': '협력적', 'call_environment': '시끄러운 실내', 'participants': ['유주하', '김지윤']}",가족과 의료비 분담,가족,가족 병원비 분담 논의,
"야 거기 공원이야
응 여긴 도서관 근처야
조용히 해야지
놀이 기구 비용 나누려고 전화했어
그래 얼마 나왔어
각자 만원씩 내면 돼
아 오케이 괜찮네
기구는 재미있었고
맞아 하하 완전 좋았지
기억나 그거 타면서 소리 지른 거
진짜 대박이었어 사람들 다 쳐다봤잖아
다음에 또 가자
그래 나중에 만나
응 조심히 가
그래 나중에 봐",0,"{'conversation_type': 'casual_normal', 'relationship': '친구', 'context': '약속 잡기', 'tone': '친근함', 'topic': '주말 만남', 'emotion': '즐거움', 'call_environment': '조용한 공공장소', 'participants': ['권서연', '정서우']}",친구와 공원 놀이 비용 계산,친구,놀이 기구 비용 나누기,
"야 뭐해
어 지금 그냥 집이야 너는
나도 집인데 오늘 공원에서 쓴 돈 한번 계산해볼까 하고
아 맞다 그거 좀 봐야겠다 어떻게 분배할래
일단 놀이기구 탄 게 각각 오천 원씩이었지
그렇지 두 번 탔으니까 만 원씩인가
그렇네 그리고 간식 값이 쫌 더 있지 않았나
맞아 어 그거 내려고 각자 삼천 원씩 냈잖아
그러면 총 각자 만 삼천 원씩인가
응 그렇게 나누면 될 거 같아
알겠어 그럼 내가 송금할게
오케이 연락해줘
그래 잘 지내
응 또 보자",0,"{'conversation_type': 'casual_normal', 'relationship': '친구', 'context': '놀이 기구 비용 나누기', 'tone': '편안함', 'topic': '공원', 'emotion': '즐거움', 'call_environment': '조용한 실내', 'participants': ['박준혁', '정예진']}",친구와 공원 놀이 비용 계산,친구,놀이 기구 비용 나누기,
"안녕하세요 학원인데요
안녕하세요 저 수업료 납부 일정 좀 문의하려고요
음 잠깐만요 지금 걷는 중이라서요
네 괜찮습니다 말씀하세요
다음 납부 날짜가 언제인지 궁금해서요
잠시만요 네 확인해 보겠습니다
음 지금 확인해보니 다음 주 수요일까지입니다
아 그렇군요 고맙습니다
네 혹시 다른 문의 사항 있으신가요
아니요 그거 하나면 될 것 같아요
음 그러면 안전하게 잘 걸어가세요
네 감사합니다 다음에 뵙겠습니다
네 좋은 하루 되세요",0,"{'conversation_type': 'casual_normal', 'relationship': '학생-학원', 'context': '수업료 납부 상담', 'tone': '공손함', 'topic': '수업료 납부 일정', 'emotion': '편안함', 'call_environment': '이동 중', 'participants': ['신지안', '황도윤']}",학원 수업료 납부 상담,학생-학원,수업료 납부 일정 문의,
"안녕하세요 저 학원 문의 좀 드리려고요
네 말씀하세요
저 이번 달 수업료 납부 일정이 어떻게 되는지 궁금해서요
음 네 수업료는 이번 주 금요일까지로 되어 있습니다
아 그렇군요 바람이 불어 소리가 좀 안 들려서요
아 괜찮습니다 혹시 늦게 납부하면 불이익이 있나요
네 조금의 연체료가 발생할 수 있으니 가급적 기한 내에 부탁드립니다
알겠습니다 이번 주 안에 꼭 납부하도록 할게요
네 감사합니다 밖이라 불편하실 텐데 감사합니다
아니에요 도와주셔서 감사합니다
네 좋은 하루 보내세요
네 안녕히 계세요",0,"{'conversation_type': 'casual_normal', 'relationship': '학생-학원', 'context': '수업료 납부 일정 문의', 'tone': '공손함', 'topic': '학원 수업료', 'emotion': '중립', 'call_environment': '실외', 'participants': ['유소율', '허민서']}",학원 수업료 납부 상담,학생-학원,수업료 납부 일정 문의,
"야 뭐해
어 나 지금 거리 걷고 있어 왜
점심 먹은 거 계산 어떻게 할까 좀 나눠야 할 것 같은데
아 맞다 나 그거 까먹었네
얼마였지 기억나
음 내가 기억하기로는 한 사람당 만오천원 정도였던 것 같아
아 그래 그럼 계좌로 보내줄게
알겠어 내일쯤 확인할 테니까 천천히 보내
아 그리고 우리 다음에 더 맛있는 데 가보자
그래 좋아 요즘 날씨도 좋고 밖에 나가는 것도 나쁘지 않네
하하 맞아 바람도 시원하고
그럼 이따 연락하자
응 나중에 봐",0,"{'conversation_type': 'casual_normal', 'relationship': '친구', 'context': '점심 비용 나누기', 'tone': '편안함', 'topic': '점심 식사 계산', 'emotion': '즐거움', 'call_environment': '실외', 'participants': ['노지훈', '권민성']}",친구와 점심 식사 비용 계산,친구,점심 계산 및 나누기,
"어 너 점심 잘 먹었어
응 잘 먹었어 너는
나도 잘 먹었어 근데 우리가 얼마씩 내야 하지
잠깐 계산해볼게
음 오천 원씩 나오네
아 그래 그럼 바로 보내줄게
고마워 나중에 또 밥 먹자
그래 그러자 다음번엔 내가 살게
오케이 나중에 봐",0,"{'conversation_type': 'casual_normal', 'relationship': '친구', 'context': '점심 계산 및 나누기', 'tone': '편안함', 'topic': '점심 식사 비용 계산', 'emotion': '즐거움', 'call_environment': '조용한 실내', 'participants': ['송시우', '우서린']}",친구와 점심 식사 비용 계산,친구,점심 계산 및 나누기,
"야 뭐해
어 나 집이야
명절에 용돈 문제 좀 얘기해보려고 전화했어
아 맞다 그거 어떻게 할래
음 이번엔 조금 줄여야 할 것 같아
그럼 얼마나 생각하고 있어
작년보다 오만 원 정도 줄이는 게 어떨까
그래도 괜찮겠냐 부모님께서 섭섭해하실 수도 있잖아
알아 근데 요즘 지출도 많았고 해서 그 정도면 이해하지 않으실까
그렇네 그럼 그렇게 하자 가족 회의에서 말해보고
오케이 내가 좋은 말로 얘기해볼게
알았어 고마워 조심해서 잘 다녀와
응 나도 너도 조심해",0,"{'conversation_type': 'casual_normal', 'relationship': '가족', 'context': '명절 용돈 조율', 'tone': '협조적', 'topic': '명절 용돈 금액 조율', 'emotion': '협조적', 'call_environment': '조용한 실내', 'participants': ['양채윤', '양현민']}",가족과 명절 용돈 조율,가족,명절 용돈 금액 협의,
"어 뭐해
나 지금 카페야 좀 시끄럽네
아 그랬구나 나도 곧 나가야 돼
명절 준비 잘 돼가
어 괜찮아 준비할 건 별로 없어서
근데 용돈은 어떻게 할까 이 정도면 괜찮겠어
글쎄 이번에는 조금 더 올릴까 생각 중인데 어때
어 그러네 그럼 이번엔 좀 더 줄까
그게 좋을 것 같아 애들도 커가고 하니까
알았어 그럼 그렇게 하자
오케이 그럼 이따가 보자
응 나중에 봐",0,"{'conversation_type': 'casual_normal', 'relationship': '가족', 'context': '명절 용돈 조율', 'tone': '협조적', 'topic': '명절 용돈 금액 협의', 'emotion': '즐거움', 'call_environment': '시끄러운 실내', 'participants': ['차시연', '임민석']}",가족과 명절 용돈 조율,가족,명절 용돈 금액 협의,
"어 지금 카페인데 좀 시끄러워 괜찮아
어 괜찮아 나도 잘 들려
그 우리 결혼식 비용 어떻게 할까
음 그게 말이야 다 같이 나누는 게 좋을 거 같아
그렇지 얘기한 대로 반반씩 나눈다고 했으니까
맞아 예산은 정해서 준비하는 게 나을 거 같아
아 그럼 대충 계산해볼까
응 지난번에 얘기한 대로 하면 될 것 같은데 어때
그렇게 하자 그리고 추가로 필요하면 또 얘기하자
좋아 그럼 나중에 다시 만날 때 더 자세히 얘기하자
그래 알겠어 나중에 봐",0,"{'conversation_type': 'casual_normal', 'relationship': '가족', 'context': '결혼식 비용 논의', 'tone': '협조적', 'topic': '결혼식 비용 분담', 'emotion': '중립', 'call_environment': '시끄러운 실내', 'participants': ['임하은', '한지환']}",친척과 결혼식 비용 논의,가족,결혼식 관련 비용 분담,
"어 거기 좀 시끄럽네
카페에서 전화하는 중이야
아 그래
저기 있잖아 이번 결혼식 비용 어떻게 할지 얘기 좀 하려고
아 그게 말이야 내가 이번에 좀 더 부담할 수 있어
진짜 고마워 그럼 나머지는 내가 처리할게
우리 부모님도 조금 도와주신다고 해서
아 다행이다 우리 같이 잘 해보자
그럼 그날 식당 예약은 네가 할래
그래 그거 내가 맡을게
일정도 맞춰봐야겠다
시간 괜찮은 날에 모여서 다시 얘기하자
오케이 고마워 그럼 또 연락해
응 연락할게 나중에 봐",0,"{'conversation_type': 'casual_normal', 'relationship': '가족', 'context': '결혼식 비용 분담', 'tone': '협조적', 'topic': '결혼식 관련 비용 논의', 'emotion': '즐거움', 'call_environment': '시끄러운 실내', 'participants': ['구준우', '이민성']}",친척과 결혼식 비용 논의,가족,결혼식 관련 비용 분담,
"안녕하세요
어 안녕 잘 지내지
우리 지난번 회식 비용 정산 어떻게 할까
음 그러게 나도 그 생각하고 있었어
혹시 생각해 둔 방법 있어
일단 n분의 1 하는 게 가장 편하지 않을까
그렇긴 한데 누가 카드로 계산했는지 기억나
음 내가 했던 것 같은데
아 그래 그럼 너 계좌로 보내주면 돼
음 괜찮아 다음 주 월급 들어오면 해도 되고
아니야 빨리 하는 게 좋다고 생각해
그래 알겠어 그럼 금액 알려주고 나중에 보내줄게
응 그럼 수고해
고마워 안녕
안녕",0,"{'conversation_type': 'casual_normal', 'relationship': '동료', 'context': '회식 비용 정산', 'tone': '편안함', 'topic': '회식 경비', 'emotion': '즐거움', 'call_environment': '조용한 공공장소', 'participants': ['고서우', '허우진']}",동료와 회식 경비 정산,동료,회식 비용 계산과 정산,
"어 지금 밖인데 잠깐 통화 가능해
어 나도 밖에 있어 무슨 일이야
저번 회식 때 내가 계산했던 거 있잖아
아 맞다 그거 정산해야지
어 내가 영수증 다 모아뒀거든
총 얼마 나왔어
한 사람당 3만 5천원씩 내면 되더라
생각보다 많이 나왔네 하하
그러게 뭐 좀 많이 시켰나봐 크크
입금하면 돼
어 내가 계좌 보낼게 바로 보낼게
오케이 고마워
다음엔 내 차례니까 내가 살게
다음엔 더 맛있는 데 가자
그럼 그때 보자 들어가서 연락해
알았어 나중에 봐",0,"{'conversation_type': 'casual_normal', 'relationship': '동료', 'context': '회식 경비 정산', 'tone': '편안함', 'topic': '정산', 'emotion': '즐거움', 'call_environment': '실외', 'participants': ['남라윤', '남서준']}",동료와 회식 경비 정산,동료,회식 비용 계산과 정산,
"야 뭐해
어 나 지금 버스 타고 가는 중이야
아 그래 어디 가는데
집 근처 카페로 가는 중이야 커피 마시려고
아 그렇구나 다름이 아니라 이번에 운동 모임 회비 어떻게 나눌지 얘기 좀 하려고
아 그거 말이야 총 10명이니까 인당 만 원씩 하면 되지 않을까
음 그렇게 하면 될 것 같아 다들 쉽게 낼 수 있을 것 같아
그리고 다음 모임 때는 내가 정리해서 다시 한번 얘기할게
오케이 나중에도 잊지 말고 얘기해줘 그래야 헷갈리지 않으니까
알았어 그럼 다음에 봐 나중에 연락할게
그래 가면서 조심히 다녀와
응 나중에 얘기하자",0,"{'conversation_type': 'casual_normal', 'relationship': '친구', 'context': '운동 모임 회비 나누기', 'tone': '협조적', 'topic': '회비 정산', 'emotion': '협조적', 'call_environment': '이동 중', 'participants': ['장민서', '문다현']}",친구와 운동 모임 회비 나누기,친구,운동 모임 회비 정산,
"어 지금 바람 불어
나도 밖에 나와 있어
우리 이번 달 운동 모임 회비 어떻게 할까
이번에는 내가 조금 더 낼게
진짜 괜찮아 고마워
어차피 이번 달은 내가 많이 빠져서
그래도 같이 하니까 좋은데 이번 달 계획 어떻게 돼
주말에 산책도 하고 운동하기로 했잖아
맞아 맞아 그때 회비 좀 챙겨올게
알았어 바람 많이 부니까 따뜻하게 하고 다녀
고마워 나중에 봐",0,"{'conversation_type': 'casual_normal', 'relationship': '친구', 'context': '약속 잡기', 'tone': '협조적', 'topic': '운동 모임 회비 나누기', 'emotion': '즐거움', 'call_environment': '실외', 'participants': ['하유나', '손도훈']}",친구와 운동 모임 회비 나누기,친구,운동 모임 회비 정산,
"어 어떻게 지내
음 잘 지내 너는
나도 잘 지내 근데 있잖아 이번에 학원비 때문에 좀 얘기하고 싶어서
아 그거 말이야 이번 달에 좀 많이 나왔지
응 그래서 어떻게 하면 좋을까 해서 얘기를 좀 하려고 전화했어
음 그럼 일단 이번 달은 내가 먼저 낼게 그리고 다음 달에 조정해보자
그래 주말에 만나서 구체적으로 얘기하자
좋아 그럼 주말에 봐 알았지
어 알겠어 고마워
응 그럼 나중에 봐
어 끊어
거기 시끄럽네 얼른 끊어야겠다",0,"{'conversation_type': 'casual_normal', 'relationship': '가족', 'context': '아이 학원비 상담', 'tone': '공손함', 'topic': '학원비 납부 계획', 'emotion': '편안함', 'call_environment': '시끄러운 실내', 'participants': ['이승호', '노유주']}",가족과 아이 학원비 상담,가족,아이 학원비 납부 계획 공유,
"어 거기야
응 지금 집이야
오늘 시간 좀 있어
어 있어 왜
다름이 아니라 학원비 얘기 좀 하려고
아 그래 받을 때가 됐나
응 이번 달은 좀 일찍 내야 한대
어떻게 준비할까
내 생각은 이번 주 내로 다 준비해두면 어때
음 좋아 그럼 내가 반은 먼저 준비할게
그래 고마워
이번 달은 좀 부담되긴 하는데 괜찮겠어
응 괜찮아 어차피 준비해둬야지
너무 무리하지 말고
알았어 고마워
그럼 이렇게 정리하고
그래 그러면 돼
나중에 또 얘기해
응 그래 나중에 봐
응 잘 있어",0,"{'conversation_type': 'casual_normal', 'relationship': '가족', 'context': '아이 학원비 상의', 'tone': '공손함', 'topic': '학원비 납부', 'emotion': '차분함', 'call_environment': '조용한 실내', 'participants': ['정승민', '배우진']}",가족과 아이 학원비 상담,가족,아이 학원비 납부 계획 공유,
"안녕하세요 은행이시죠
네 맞습니다 무엇을 도와드릴까요
제가 지금 계좌 유지 수수료에 대해 문의하려고 하는데요
아 네 잘 들리시나요 제가 버스 타고 있어서 조용한 데로 갈 수가 없어서요
괜찮습니다 설명해드릴게요 어떤 계좌를 사용하고 계신지요
그 주 거래 계좌인데 수수료가 어떻게 되나요
이 경우에는 매달 1000원의 유지 수수료가 부과됩니다
알겠습니다 감사해요
혹시 더 궁금한 점 있으신가요
아니요 그럼 좋은 하루 되세요
네 감사합니다 고객님도 좋은 하루 보내세요",0,"{'conversation_type': 'casual_normal', 'relationship': '고객-은행직원', 'context': '계좌 유지 수수료 문의', 'tone': '정중함', 'topic': '은행 계좌 수수료 확인', 'emotion': '중립적', 'call_environment': '이동 중', 'participants': ['최지민', '고가은']}",은행 계좌 수수료 문의,고객-은행직원,계좌 유지 수수료 확인,
"안녕하세요 은행인가요
네 고객님 무엇을 도와드릴까요
제가 지금 버스 타고 가는데요 계좌 유지 수수료가 궁금해서요
어떤 계좌를 말씀하시는 건가요
일반 입출금 계좌요
확인해드리겠습니다 고객님 잠시만 기다려 주세요
네
고객님 현재 일반 입출금 계좌는 수수료가 면제입니다
아 그렇군요 감사합니다
도움이 되어 다행입니다 더 필요한 것 있으신가요
지금은 없어요 감사합니다
네 안전하게 이동하세요 좋은 하루 되세요
네 감사합니다 안녕히 계세요",0,"{'conversation_type': 'casual_normal', 'relationship': '고객-은행직원', 'context': '계좌 수수료 문의', 'tone': '정중함', 'topic': '계좌 유지 수수료', 'emotion': '중립', 'call_environment': '이동 중', 'participants': ['곽민호', '장세은']}",은행 계좌 수수료 문의,고객-은행직원,계좌 유지 수수료 확인,
"야 뭐해
집이야 너는
나도 집인데 있잖아 이번 여행비용 좀 계산해봤어
오 그래 얼마나 나왔어
전체적으로 총 이만 원쯤 들 것 같아 숙박이랑 교통비가 제일 크더라
그러네 그럼 그거 나누면 얼마씩이야
사만 원씩 내면 될 것 같아 음 그리고 식비도 좀 예상해봤어
식비는 얼마나 잡았어
한 사람 당 하루에 오천 원 정도 생각해서 삼 일에 만 오천 원
good 그럼 전체적으로 칠만 오천 원씩이면 되겠다
응 맞아 그렇게 하면 무리 없을 거 같아
좋아 그럼 그렇게 정리하자
오케이 다음에 만나면 돈도 얘기해보자
그래 알았어 연락할게",0,"{'conversation_type': 'casual_normal', 'relationship': '친구', 'context': '예상 비용 계산 및 분배', 'tone': '협조적', 'topic': '여행비 예산 계획', 'emotion': '즐거움', 'call_environment': '조용한 실내', 'participants': ['정유나', '양준우']}",친구와 여행비 예산 계획,친구,예상 비용 계산 및 분배,
"야 뭐해
어 별일 없어 너는
나 지금 카페에서 커피 한 잔 하고 있어 좀 시끄러운데 괜찮아
응 여기 잘 들려 너 이제 여행 준비 다 했어
아직 계산 좀 해봐야 하는데 우리 예산이 얼마였지
이번 여행에서 한 50만원 정도 생각하고 있어
숙소랑 교통비가 제일 클 거 같은데 숙소는 얼마일까
내가 알아보니까 1박에 10만원이더라 그래서 3박이면 30만원
오 그러면 우리 교통비는 얼마나 들까
버스랑 기차로 다니니까 한 15만원 정도 예상하고 있어
그럼 또 뭐 더 필요할까
음 식비랑 기타 잡비 생각해야겠지
맞네 그럼 한 5만원씩 따로 챙기는 게 좋겠다
좋아 그러면 우리 곧 만나서 좀 더 자세히 얘기해보자
그래 나중에 봐
응 잘 지내고 나중에 연락해",0,"{'conversation_type': 'casual_normal', 'relationship': '친구', 'context': '예산 계획', 'tone': '협조적', 'topic': '여행비용', 'emotion': '즐거움', 'call_environment': '시끄러운 실내', 'participants': ['장주호', '오라윤']}",친구와 여행비 예산 계획,친구,예상 비용 계산 및 분배,
"어 지금 시간 돼
어 괜찮아 무슨 일이야
저번에 커피 같이 산 거 기억나지
아 맞아 그때 커피 맛있었어
다음엔 다른 데서 사자고 했잖아
그래서 말인데 그거 비용 나눠야 할 것 같아서
음 얼마였더라 다 합쳐서 오천원이었던 것 같아
그럼 이천오백원씩 나누면 될까
어 좋네 그렇게 하자
나중에 회사에서 줄게 괜찮지
응 천천히 하면 돼 고마워
오케이 그럼 또 필요하면 알려줘
응 고마워 그럼 이따 봐
응 이따 봐",0,"{'conversation_type': 'casual_normal', 'relationship': '동료', 'context': '커피 회비 정산', 'tone': '편안함', 'topic': '커피 구입 비용 나누기', 'emotion': '즐거움', 'call_environment': '조용한 실내', 'participants': ['한소율', '고예린']}",동료와 커피 회비 정산,동료,커피 구입 비용 나누기,
"어 지금 어디야
어 나 걷는 중이야 회사 근처야
아 그래 나도 잠깐 나와서 걷고 있어
저번에 커피 같이 샀던 거 있잖아
응 그거 어떻게 할까 우리 반씩 나눌까
응 그게 좋을 것 같아 얼마였지
총 12000원이었으니까 6000원씩 하자
오케이 그럼 내가 너한테 보낼게
괜찮아 이번엔 내가 살게 저번에 너가 샀으니까
아 그럼 고마워 다음 번엔 내가 살게
응 그래 그럼 천천히 걸어 조심히 들어가
응 너도 조심해 다음에 봐
응 알겠어 나중에 봐",0,"{'conversation_type': 'casual_normal', 'relationship': '동료', 'context': '커피 구입 비용 나누기', 'tone': '편안함', 'topic': '커피 회비 정산', 'emotion': '즐거움', 'call_environment': '실외', 'participants': ['구연우', '최세은']}",동료와 커피 회비 정산,동료,커피 구입 비용 나누기,
"어 지금 잠깐 얘기할 수 있어
응 괜찮아
이번 주말 가족 모임 있잖아
어 맞아
비용 어떻게 나눌까 했는데
음 그러네
우리 각자 십만 원씩 내는 거 어때
그럼 충분할 것 같아
응 나머지는 우리 큰삼촌이 좀 더 낸다고 하셨어
아 그렇구나
내가 그럼 십만 원 준비할게
오케이 그럼 나중에 봐
응 그래 연락할게",0,"{'conversation_type': 'casual_normal', 'relationship': '가족', 'context': '모임 비용 분담', 'tone': '협조적', 'topic': '가족 모임 비용 분배', 'emotion': '협조', 'call_environment': '조용한 공공장소', 'participants': ['차세은', '우지헌']}",친척과 가족 모임 비용 분배,가족,모임 비용 분담 논의,
"야 뭐해
어 나 지금 카페야 조금 시끄러워
괜찮아 나도 지금 카페야 서로 잘 안 들릴 수도 있겠다
그러게 말이야 저기 그 가족 모임 얘기 좀 해보려고
아 맞다 모임 비용을 조금 나눠야 할 것 같은데 어때
어 나도 그렇게 생각하고 있었어 어떻게 나누는 게 좋을까
음 그러니까 대충 삼천만 원 정도 나왔잖아 반반씩 나눌까
그래 그러면 오십오오십으로 나누고 각자 이체하면 되지
괜찮다 그러면 은행 앱으로 보내줄게
오케이 그럼 지금 거기 시끄러우니까 조금 있다가 확인할게
그래 그럼
고생했어 나중에 전화해
응 다음에 봐",0,"{'conversation_type': 'casual_normal', 'relationship': '가족', 'context': '모임 비용 분담 논의', 'tone': '협조적', 'topic': '가족 모임 비용 분배', 'emotion': '협조적', 'call_environment': '시끄러운 실내', 'participants': ['한예은', '임은우']}",친척과 가족 모임 비용 분배,가족,모임 비용 분담 논의,
"안녕하세요 학원인데요
안녕하세요 저 이번에 등록하려고 하는데 할인 가능한가요
아 네 등록금 할인 관련해서는 어떤 과정인지 말씀해 주시면 확인해드릴게요
어 음 영어 과정이요
알겠습니다 그 과정은 현재 재수강생에게만 할인이 적용되고 있어요
아 그렇군요 음 알겠어요 혹시 다른 혜택이나 이벤트는 없나요
잠시만요 제가 한번 더 확인해볼게요
아 네 감사합니다
지금 확인해보니 다음 달에 등록하시면 교재를 무료로 드리는 이벤트가 있네요
오 그거 좋네요 그럼 다음 달에 등록해야겠어요
네 그렇게 하시면 되겠습니다 다른 궁금한 점 있으신가요
아니요 지금은 없습니다 고맙습니다
네 감사합니다 좋은 하루 보내세요",0,"{'conversation_type': 'casual_normal', 'relationship': '학생-학원', 'context': '등록금 할인 가능 여부 문의', 'tone': '공손함', 'topic': '학원 등록금 할인', 'emotion': '중립', 'call_environment': '조용한 실내', 'participants': ['배소윤', '민은우']}",학원 등록금 할인 문의,학생-학원,등록금 할인 가능 여부 문의,
"안녕하세요 저 등록금 관련해서 문의 드릴 게 있어서요
네 말씀하세요
혹시 등록금 할인 같은 게 있나요
아 네 현재 특별 할인 프로그램은 없고요 장기 등록 할인이나 다자녀 할인 같은 것들이 있어요
음 그러면 장기 등록 할인은 어느 정도 되나요
3개월 이상 등록하시면 10퍼센트 할인 적용됩니다
오 괜찮네요 그럼 다자녀 할인은 어떻게 되나요
다자녀 할인은 동시에 등록한 경우에만 5퍼센트 추가 할인이 가능해요
아 알겠습니다 그럼 제가 다음 주에 등록하러 가도 될까요
네 언제든지 방문해 주시면 도와드리겠습니다
감사합니다 조용한 곳에서 설명 들어서 잘 이해했어요
네 감사합니다 방문 때 뵙겠습니다",0,"{'conversation_type': 'casual_normal', 'relationship': '학생-학원', 'context': '등록금 할인 문의', 'tone': '공손함', 'topic': '등록금 할인 가능 여부', 'emotion': '중립', 'call_environment': '조용한 실내', 'participants': ['황은우', '곽예나']}",학원 등록금 할인 문의,학생-학원,등록금 할인 가능 여부 문의,
